id,category,sub_category,name,district,address,lat,lng,google_coordinates,phone,business_hours,description,tags,google_map_url,google_matched_name
MOOVO-YL-001,MOOVO自行車租借站,交通轉運,斗六火車站前站,斗六市,民生路與大同路口（前站廣場／設有MOOVO官方服務中心）,23.711922,120.5410043,"23.711922, 120.5410043",0809-099-002,24小時營運,斗六市重要MOOVO租借點，位於斗六火車站前站，支援APP掃碼與TPASS月票，串聯周邊景點與通勤動線。,"MOOVO,TPASS適用,斗六市,交通轉運","https://www.google.com/maps/search/?api=1&query=23.711922,120.5410043",斗六車站
MOOVO-YL-002,MOOVO自行車租借站,交通轉運,斗六火車站後站,斗六市,武昌路斗六火車站後站出口廣場,23.7122751,120.5409481,"23.7122751, 120.5409481",0809-099-002,24小時營運,斗六市重要MOOVO租借點，位於斗六火車站後站，支援APP掃碼與TPASS月票，串聯周邊景點與通勤動線。,"MOOVO,TPASS適用,斗六市,交通轉運","https://www.google.com/maps/search/?api=1&query=23.7122751,120.5409481",斗六後火車站
MOOVO-YL-003,MOOVO自行車租借站,學校文教,國立雲林科技大學(正門),斗六市,大學路三段123號（雲科大大門口/行政大樓旁）,23.6959835,120.5340648,"23.6959835, 120.5340648",0809-099-002,24小時營運,斗六市重要MOOVO租借點，位於國立雲林科技大學(正門)，支援APP掃碼與TPASS月票，串聯周邊景點與通勤動線。,"MOOVO,TPASS適用,斗六市,學校文教","https://www.google.com/maps/search/?api=1&query=23.6959835,120.5340648",國立雲林科技大學
MOOVO-YL-004,MOOVO自行車租借站,學校文教,雲林科技大學(龍潭路商圈),斗六市,龍潭路學生商圈/側門,23.6959835,120.5340648,"23.6959835, 120.5340648",0809-099-002,24小時營運,斗六市重要MOOVO租借點，位於雲林科技大學(龍潭路商圈)，支援APP掃碼與TPASS月票，串聯周邊景點與通勤動線。,"MOOVO,TPASS適用,斗六市,學校文教","https://www.google.com/maps/search/?api=1&query=23.6959835,120.5340648",國立雲林科技大學
MOOVO-YL-005,MOOVO自行車租借站,學校文教,雲林科技大學(體育館),斗六市,大學路三段雲科大體育館旁,23.6959835,120.5340648,"23.6959835, 120.5340648",0809-099-002,24小時營運,斗六市重要MOOVO租借點，位於雲林科技大學(體育館)，支援APP掃碼與TPASS月票，串聯周邊景點與通勤動線。,"MOOVO,TPASS適用,斗六市,學校文教","https://www.google.com/maps/search/?api=1&query=23.6959835,120.5340648",國立雲林科技大學
MOOVO-YL-006,MOOVO自行車租借站,學校文教,雲林科技大學(宿舍區),斗六市,雲科大學生宿舍南側出入口,23.6959835,120.5340648,"23.6959835, 120.5340648",0809-099-002,24小時營運,斗六市重要MOOVO租借點，位於雲林科技大學(宿舍區)，支援APP掃碼與TPASS月票，串聯周邊景點與通勤動線。,"MOOVO,TPASS適用,斗六市,學校文教","https://www.google.com/maps/search/?api=1&query=23.6959835,120.5340648",國立雲林科技大學
MOOVO-YL-007,MOOVO自行車租借站,觀光休閒,斗六國際棒球場,斗六市,明德北路二段320號（棒球場大門口）,23.7171412,120.5361349,"23.7171412, 120.5361349",0809-099-002,24小時營運,斗六市重要MOOVO租借點，位於斗六國際棒球場，支援APP掃碼與TPASS月票，串聯周邊景點與通勤動線。,"MOOVO,TPASS適用,斗六市,觀光休閒","https://www.google.com/maps/search/?api=1&query=23.7171412,120.5361349",斗六棒球場
MOOVO-YL-008,MOOVO自行車租借站,購物商圈,斗六觀光夜市,斗六市,鎮南路與明德東路口周邊,23.695504,120.5431043,"23.695504, 120.5431043",0809-099-002,24小時營運,斗六市重要MOOVO租借點，位於斗六觀光夜市，支援APP掃碼與TPASS月票，串聯周邊景點與通勤動線。,"MOOVO,TPASS適用,斗六市,購物商圈","https://www.google.com/maps/search/?api=1&query=23.695504,120.5431043",斗六觀光夜市
MOOVO-YL-009,MOOVO自行車租借站,機關醫療,雲林縣政府,斗六市,雲林路二段515號（縣府正門前）,23.6992302,120.5263277,"23.6992302, 120.5263277",0809-099-002,24小時營運,斗六市重要MOOVO租借點，位於雲林縣政府，支援APP掃碼與TPASS月票，串聯周邊景點與通勤動線。,"MOOVO,TPASS適用,斗六市,機關醫療","https://www.google.com/maps/search/?api=1&query=23.6992302,120.5263277",雲林縣政府
MOOVO-YL-010,MOOVO自行車租借站,機關醫療,雲林縣議會,斗六市,大學路三段與府文路口,23.6958994,120.5284851,"23.6958994, 120.5284851",0809-099-002,24小時營運,斗六市重要MOOVO租借點，位於雲林縣議會，支援APP掃碼與TPASS月票，串聯周邊景點與通勤動線。,"MOOVO,TPASS適用,斗六市,機關醫療","https://www.google.com/maps/search/?api=1&query=23.6958994,120.5284851",雲林縣議會
MOOVO-YL-011,MOOVO自行車租借站,學校文教,雲林縣立文化觀光處(圖書館),斗六市,大學路三段310號（文化中心旁）,23.6956367,120.5244293,"23.6956367, 120.5244293",0809-099-002,24小時營運,斗六市重要MOOVO租借點，位於雲林縣立文化觀光處(圖書館)，支援APP掃碼與TPASS月票，串聯周邊景點與通勤動線。,"MOOVO,TPASS適用,斗六市,學校文教","https://www.google.com/maps/search/?api=1&query=23.6956367,120.5244293",雲林縣政府文化觀光處
MOOVO-YL-012,MOOVO自行車租借站,機關醫療,成大醫院斗六分院,斗六市,莊敬路345號（成大醫院正門旁）,23.7019318,120.5457886,"23.7019318, 120.5457886",0809-099-002,24小時營運,斗六市重要MOOVO租借點，位於成大醫院斗六分院，支援APP掃碼與TPASS月票，串聯周邊景點與通勤動線。,"MOOVO,TPASS適用,斗六市,機關醫療","https://www.google.com/maps/search/?api=1&query=23.7019318,120.5457886",國立成功大學醫學院附設醫院斗六分院
MOOVO-YL-013,MOOVO自行車租借站,機關醫療,雲林基督教醫院(斗六分院),斗六市,成功路320號（醫院正門口）,23.7807427,120.4413077,"23.7807427, 120.4413077",0809-099-002,24小時營運,斗六市重要MOOVO租借點，位於雲林基督教醫院(斗六分院)，支援APP掃碼與TPASS月票，串聯周邊景點與通勤動線。,"MOOVO,TPASS適用,斗六市,機關醫療","https://www.google.com/maps/search/?api=1&query=23.7807427,120.4413077",彰化基督教醫療財團法人雲林基督教醫院
MOOVO-YL-014,MOOVO自行車租借站,機關醫療,斗六市公所 / 戶政事務所,斗六市,府前街28號（公所廣場旁）,23.6977667,120.5268306,"23.6977667, 120.5268306",0809-099-002,24小時營運,斗六市重要MOOVO租借點，位於斗六市公所 / 戶政事務所，支援APP掃碼與TPASS月票，串聯周邊景點與通勤動線。,"MOOVO,TPASS適用,斗六市,機關醫療","https://www.google.com/maps/search/?api=1&query=23.6977667,120.5268306",雲林縣斗六市戶政事務所
MOOVO-YL-015,MOOVO自行車租借站,觀光休閒,行啟紀念館 / 公民會館,斗六市,府前街101號（行啟紀念館前園區）,23.7056811,120.5419024,"23.7056811, 120.5419024",0809-099-002,24小時營運,斗六市重要MOOVO租借點，位於行啟紀念館 / 公民會館，支援APP掃碼與TPASS月票，串聯周邊景點與通勤動線。,"MOOVO,TPASS適用,斗六市,觀光休閒","https://www.google.com/maps/search/?api=1&query=23.7056811,120.5419024",歷史建築 斗六行啟記念館
MOOVO-YL-016,MOOVO自行車租借站,購物商圈,斗六家樂福,斗六市,雲林路二段297號（家樂福入口廣場）,23.7015567,120.5305908,"23.7015567, 120.5305908",0809-099-002,24小時營運,斗六市重要MOOVO租借點，位於斗六家樂福，支援APP掃碼與TPASS月票，串聯周邊景點與通勤動線。,"MOOVO,TPASS適用,斗六市,購物商圈","https://www.google.com/maps/search/?api=1&query=23.7015567,120.5305908",萬家福 斗六店
MOOVO-YL-017,MOOVO自行車租借站,購物商圈,雲林溪美食廣場,斗六市,民生南路與雲林溪水岸旁,23.7061789,120.5373734,"23.7061789, 120.5373734",0809-099-002,24小時營運,斗六市重要MOOVO租借點，位於雲林溪美食廣場，支援APP掃碼與TPASS月票，串聯周邊景點與通勤動線。,"MOOVO,TPASS適用,斗六市,購物商圈","https://www.google.com/maps/search/?api=1&query=23.7061789,120.5373734",雲林溪美食廣場
MOOVO-YL-018,MOOVO自行車租借站,學校文教,國立斗六高級中學,斗六市,文化路211號（斗六高中大門側）,23.7133968,120.5454533,"23.7133968, 120.5454533",0809-099-002,24小時營運,斗六市重要MOOVO租借點，位於國立斗六高級中學，支援APP掃碼與TPASS月票，串聯周邊景點與通勤動線。,"MOOVO,TPASS適用,斗六市,學校文教","https://www.google.com/maps/search/?api=1&query=23.7133968,120.5454533",國立斗六高級中學
MOOVO-YL-019,MOOVO自行車租借站,學校文教,國立斗六高級家事商業職業學校,斗六市,成功路61號（斗六家商大門）,23.7073983,120.5468819,"23.7073983, 120.5468819",0809-099-002,24小時營運,斗六市重要MOOVO租借點，位於國立斗六高級家事商業職業學校，支援APP掃碼與TPASS月票，串聯周邊景點與通勤動線。,"MOOVO,TPASS適用,斗六市,學校文教","https://www.google.com/maps/search/?api=1&query=23.7073983,120.5468819",國立斗六高級家事商業職業學校
MOOVO-YL-020,MOOVO自行車租借站,學校文教,斗六國中,斗六市,育英北街69號（斗六國中校門旁）,23.7129929,120.5512165,"23.7129929, 120.5512165",0809-099-002,24小時營運,斗六市重要MOOVO租借點，位於斗六國中，支援APP掃碼與TPASS月票，串聯周邊景點與通勤動線。,"MOOVO,TPASS適用,斗六市,學校文教","https://www.google.com/maps/search/?api=1&query=23.7129929,120.5512165",雲林縣立斗六國民中學
MOOVO-YL-021,MOOVO自行車租借站,學校文教,雲林國中,斗六市,明德路59號（雲林國中前）,23.6998486,120.5327248,"23.6998486, 120.5327248",0809-099-002,24小時營運,斗六市重要MOOVO租借點，位於雲林國中，支援APP掃碼與TPASS月票，串聯周邊景點與通勤動線。,"MOOVO,TPASS適用,斗六市,學校文教","https://www.google.com/maps/search/?api=1&query=23.6998486,120.5327248",雲林縣立雲林國民中學
MOOVO-YL-022,MOOVO自行車租借站,學校文教,鎮南國小,斗六市,南揚街60號（鎮南國小大門）,23.6983782,120.5393628,"23.6983782, 120.5393628",0809-099-002,24小時營運,斗六市重要MOOVO租借點，位於鎮南國小，支援APP掃碼與TPASS月票，串聯周邊景點與通勤動線。,"MOOVO,TPASS適用,斗六市,學校文教","https://www.google.com/maps/search/?api=1&query=23.6983782,120.5393628",雲林縣斗六市鎮南國民小學
MOOVO-YL-023,MOOVO自行車租借站,學校文教,鎮東國小,斗六市,文化路（鎮東國小旁）,23.7117994,120.5523106,"23.7117994, 120.5523106",0809-099-002,24小時營運,斗六市重要MOOVO租借點，位於鎮東國小，支援APP掃碼與TPASS月票，串聯周邊景點與通勤動線。,"MOOVO,TPASS適用,斗六市,學校文教","https://www.google.com/maps/search/?api=1&query=23.7117994,120.5523106",雲林縣斗六市鎮東國民小學
MOOVO-YL-024,MOOVO自行車租借站,學校文教,鎮西國小,斗六市,西平路3號（鎮西國小校門）,23.7077025,120.5386118,"23.7077025, 120.5386118",0809-099-002,24小時營運,斗六市重要MOOVO租借點，位於鎮西國小，支援APP掃碼與TPASS月票，串聯周邊景點與通勤動線。,"MOOVO,TPASS適用,斗六市,學校文教","https://www.google.com/maps/search/?api=1&query=23.7077025,120.5386118",雲林縣斗六市鎮西國民小學
MOOVO-YL-025,MOOVO自行車租借站,觀光休閒,斗六水岸公園 / 社口藝術水岸,斗六市,社口水岸公園步道口,23.7001178,120.5433743,"23.7001178, 120.5433743",0809-099-002,24小時營運,斗六市重要MOOVO租借點，位於斗六水岸公園 / 社口藝術水岸，支援APP掃碼與TPASS月票，串聯周邊景點與通勤動線。,"MOOVO,TPASS適用,斗六市,觀光休閒","https://www.google.com/maps/search/?api=1&query=23.7001178,120.5433743",斗六藝術水岸園區
MOOVO-YL-026,MOOVO自行車租借站,觀光休閒,斗六繪本館 / 膨鼠森林公園,斗六市,莊敬路膨鼠森林公園大門入口,23.696999,120.5300134,"23.696999, 120.5300134",0809-099-002,24小時營運,斗六市重要MOOVO租借點，位於斗六繪本館 / 膨鼠森林公園，支援APP掃碼與TPASS月票，串聯周邊景點與通勤動線。,"MOOVO,TPASS適用,斗六市,觀光休閒","https://www.google.com/maps/search/?api=1&query=23.696999,120.5300134",斗六膨鼠森林公園
MOOVO-YL-027,MOOVO自行車租借站,觀光休閒,金瓜鼠滾滾樂園,斗六市,莊敬路金瓜鼠園區入口步道,23.696319,120.529338,"23.696319, 120.529338",0809-099-002,24小時營運,斗六市重要MOOVO租借點，位於金瓜鼠滾滾樂園，支援APP掃碼與TPASS月票，串聯周邊景點與通勤動線。,"MOOVO,TPASS適用,斗六市,觀光休閒","https://www.google.com/maps/search/?api=1&query=23.696319,120.529338",金瓜鼠樂園
MOOVO-YL-028,MOOVO自行車租借站,觀光休閒,雲林縣立體育館,斗六市,大學路三段縣立體育館前廣場,23.6958,120.527055,"23.6958, 120.527055",0809-099-002,24小時營運,斗六市重要MOOVO租借點，位於雲林縣立體育館，支援APP掃碼與TPASS月票，串聯周邊景點與通勤動線。,"MOOVO,TPASS適用,斗六市,觀光休閒","https://www.google.com/maps/search/?api=1&query=23.6958,120.527055",雲林縣立體育館
MOOVO-YL-029,MOOVO自行車租借站,宗教社區,斗六南聖宮,斗六市,南聖路301號（南聖宮牌樓前廣場）,23.7008118,120.5587188,"23.7008118, 120.5587188",0809-099-002,24小時營運,斗六市重要MOOVO租借點，位於斗六南聖宮，支援APP掃碼與TPASS月票，串聯周邊景點與通勤動線。,"MOOVO,TPASS適用,斗六市,宗教社區","https://www.google.com/maps/search/?api=1&query=23.7008118,120.5587188",斗六南聖宮
MOOVO-YL-030,MOOVO自行車租借站,宗教社區,斗六新興宮(斗六媽),斗六市,中正路105號（新興宮廟前廣場）,23.7087684,120.5445058,"23.7087684, 120.5445058",0809-099-002,24小時營運,斗六市重要MOOVO租借點，位於斗六新興宮(斗六媽)，支援APP掃碼與TPASS月票，串聯周邊景點與通勤動線。,"MOOVO,TPASS適用,斗六市,宗教社區","https://www.google.com/maps/search/?api=1&query=23.7087684,120.5445058",斗六新興宮
MOOVO-YL-031,MOOVO自行車租借站,宗教社區,斗六受天宮,斗六市,莊敬路受天宮前,23.7036568,120.5501304,"23.7036568, 120.5501304",0809-099-002,24小時營運,斗六市重要MOOVO租借點，位於斗六受天宮，支援APP掃碼與TPASS月票，串聯周邊景點與通勤動線。,"MOOVO,TPASS適用,斗六市,宗教社區","https://www.google.com/maps/search/?api=1&query=23.7036568,120.5501304",斗六門受天宮-天上聖母
MOOVO-YL-032,MOOVO自行車租借站,購物商圈,全聯斗六鎮南店,斗六市,鎮南路全聯福利中心前,23.6985939,120.5415058,"23.6985939, 120.5415058",0809-099-002,24小時營運,斗六市重要MOOVO租借點，位於全聯斗六鎮南店，支援APP掃碼與TPASS月票，串聯周邊景點與通勤動線。,"MOOVO,TPASS適用,斗六市,購物商圈","https://www.google.com/maps/search/?api=1&query=23.6985939,120.5415058",全聯福利中心Pxmart 斗六鎮南
MOOVO-YL-033,MOOVO自行車租借站,購物商圈,全聯斗六上海店,斗六市,上海路全聯旁,23.7149369,120.5420887,"23.7149369, 120.5420887",0809-099-002,24小時營運,斗六市重要MOOVO租借點，位於全聯斗六上海店，支援APP掃碼與TPASS月票，串聯周邊景點與通勤動線。,"MOOVO,TPASS適用,斗六市,購物商圈","https://www.google.com/maps/search/?api=1&query=23.7149369,120.5420887",全聯福利中心Pxmart 斗六上海
MOOVO-YL-034,MOOVO自行車租借站,購物商圈,全聯斗六西平店,斗六市,西平路全聯前停車場旁,23.7122284,120.5354293,"23.7122284, 120.5354293",0809-099-002,24小時營運,斗六市重要MOOVO租借點，位於全聯斗六西平店，支援APP掃碼與TPASS月票，串聯周邊景點與通勤動線。,"MOOVO,TPASS適用,斗六市,購物商圈","https://www.google.com/maps/search/?api=1&query=23.7122284,120.5354293",全聯福利中心Pxmart 斗六西平
MOOVO-YL-035,MOOVO自行車租借站,觀光休閒,斗六市藝術水岸園區,斗六市,藝術水岸園區停車場旁,23.7001178,120.5433743,"23.7001178, 120.5433743",0809-099-002,24小時營運,斗六市重要MOOVO租借點，位於斗六市藝術水岸園區，支援APP掃碼與TPASS月票，串聯周邊景點與通勤動線。,"MOOVO,TPASS適用,斗六市,觀光休閒","https://www.google.com/maps/search/?api=1&query=23.7001178,120.5433743",斗六藝術水岸園區
MOOVO-YL-036,MOOVO自行車租借站,交通轉運,石榴火車站,斗六市,石榴火車站站前廣場,23.731723,120.579971,"23.731723, 120.579971",0809-099-002,24小時營運,斗六市重要MOOVO租借點，位於石榴火車站，支援APP掃碼與TPASS月票，串聯周邊景點與通勤動線。,"MOOVO,TPASS適用,斗六市,交通轉運","https://www.google.com/maps/search/?api=1&query=23.731723,120.579971",石榴火車站
MOOVO-YL-037,MOOVO自行車租借站,機關醫療,斗六工業區服務中心,斗六市,斗工十路斗六工業區管委會旁,23.7140461,120.5898976,"23.7140461, 120.5898976",0809-099-002,24小時營運,斗六市重要MOOVO租借點，位於斗六工業區服務中心，支援APP掃碼與TPASS月票，串聯周邊景點與通勤動線。,"MOOVO,TPASS適用,斗六市,機關醫療","https://www.google.com/maps/search/?api=1&query=23.7140461,120.5898976",經濟部斗六產業園區服務中心
MOOVO-YL-038,MOOVO自行車租借站,觀光休閒,寧濟御庭山水園區,斗六市,貞寮路寧濟御庭大門口,23.7362873,120.5649008,"23.7362873, 120.5649008",0809-099-002,24小時營運,斗六市重要MOOVO租借點，位於寧濟御庭山水園區，支援APP掃碼與TPASS月票，串聯周邊景點與通勤動線。,"MOOVO,TPASS適用,斗六市,觀光休閒","https://www.google.com/maps/search/?api=1&query=23.7362873,120.5649008",寧濟御庭園林山水文化園區
MOOVO-YL-039,MOOVO自行車租借站,宗教社區,長安社區活動中心,斗六市,長安路活動中心前,23.7267088,120.5509952,"23.7267088, 120.5509952",0809-099-002,24小時營運,斗六市重要MOOVO租借點，位於長安社區活動中心，支援APP掃碼與TPASS月票，串聯周邊景點與通勤動線。,"MOOVO,TPASS適用,斗六市,宗教社區","https://www.google.com/maps/search/?api=1&query=23.7267088,120.5509952",斗六市長安社區發展協會活動中心
MOOVO-YL-040,MOOVO自行車租借站,學校文教,梅林社區活動中心(梅林國小),斗六市,梅林路梅林國小旁,23.7017355,120.5979708,"23.7017355, 120.5979708",0809-099-002,24小時營運,斗六市重要MOOVO租借點，位於梅林社區活動中心(梅林國小)，支援APP掃碼與TPASS月票，串聯周邊景點與通勤動線。,"MOOVO,TPASS適用,斗六市,學校文教","https://www.google.com/maps/search/?api=1&query=23.7017355,120.5979708",梅林社區活動中心
MOOVO-YL-041,MOOVO自行車租借站,交通轉運,台灣高鐵雲林站,虎尾鎮,站前東路301號（高鐵站出入口接駁區）,23.7363,120.4165,"23.7363, 120.4165",0809-099-002,24小時營運,虎尾鎮重要MOOVO租借點，位於台灣高鐵雲林站，支援APP掃碼與TPASS月票，串聯周邊景點與通勤動線。,"MOOVO,TPASS適用,虎尾鎮,交通轉運","https://www.google.com/maps/search/?api=1&query=23.7363,120.4165",雲林
MOOVO-YL-042,MOOVO自行車租借站,學校文教,國立虎尾科技大學(文化路正門),虎尾鎮,文化路64號（虎科大第一校區校門口）,23.7026129,120.4294895,"23.7026129, 120.4294895",0809-099-002,24小時營運,虎尾鎮重要MOOVO租借點，位於國立虎尾科技大學(文化路正門)，支援APP掃碼與TPASS月票，串聯周邊景點與通勤動線。,"MOOVO,TPASS適用,虎尾鎮,學校文教","https://www.google.com/maps/search/?api=1&query=23.7026129,120.4294895",國立虎尾科技大學
MOOVO-YL-043,MOOVO自行車租借站,學校文教,虎尾科技大學(八德街二校區),虎尾鎮,八德街虎科大第二校區側門/宿舍區,23.7026129,120.4294895,"23.7026129, 120.4294895",0809-099-002,24小時營運,虎尾鎮重要MOOVO租借點，位於虎尾科技大學(八德街二校區)，支援APP掃碼與TPASS月票，串聯周邊景點與通勤動線。,"MOOVO,TPASS適用,虎尾鎮,學校文教","https://www.google.com/maps/search/?api=1&query=23.7026129,120.4294895",國立虎尾科技大學
MOOVO-YL-044,MOOVO自行車租借站,學校文教,虎尾科技大學(高鐵校區),虎尾鎮,高鐵校區大門口旁,23.7026129,120.4294895,"23.7026129, 120.4294895",0809-099-002,24小時營運,虎尾鎮重要MOOVO租借點，位於虎尾科技大學(高鐵校區)，支援APP掃碼與TPASS月票，串聯周邊景點與通勤動線。,"MOOVO,TPASS適用,虎尾鎮,學校文教","https://www.google.com/maps/search/?api=1&query=23.7026129,120.4294895",國立虎尾科技大學
MOOVO-YL-045,MOOVO自行車租借站,觀光休閒,雲林故事館 / 布袋戲館,虎尾鎮,林森路一段528號（布袋戲館旁廣場）,23.709297,120.4335627,"23.709297, 120.4335627",0809-099-002,24小時營運,虎尾鎮重要MOOVO租借點，位於雲林故事館 / 布袋戲館，支援APP掃碼與TPASS月票，串聯周邊景點與通勤動線。,"MOOVO,TPASS適用,虎尾鎮,觀光休閒","https://www.google.com/maps/search/?api=1&query=23.709297,120.4335627",雲林布袋戲館
MOOVO-YL-046,MOOVO自行車租借站,觀光休閒,虎尾合同廳舍(誠品/星巴克),虎尾鎮,林森路一段合同廳舍對面,23.7092064,120.4339129,"23.7092064, 120.4339129",0809-099-002,24小時營運,虎尾鎮重要MOOVO租借點，位於虎尾合同廳舍(誠品/星巴克)，支援APP掃碼與TPASS月票，串聯周邊景點與通勤動線。,"MOOVO,TPASS適用,虎尾鎮,觀光休閒","https://www.google.com/maps/search/?api=1&query=23.7092064,120.4339129",虎尾合同廳舍
MOOVO-YL-047,MOOVO自行車租借站,觀光休閒,建國一村眷村文化園區,虎尾鎮,建國一村入口服務中心旁,23.7142012,120.4220538,"23.7142012, 120.4220538",0809-099-002,24小時營運,虎尾鎮重要MOOVO租借點，位於建國一村眷村文化園區，支援APP掃碼與TPASS月票，串聯周邊景點與通勤動線。,"MOOVO,TPASS適用,虎尾鎮,觀光休閒","https://www.google.com/maps/search/?api=1&query=23.7142012,120.4220538",建國一村
MOOVO-YL-048,MOOVO自行車租借站,觀光休閒,虎尾糖廠冰品部 / 同心公園,虎尾鎮,中山路與民主三路口（同心公園入口）,23.703287,120.4360959,"23.703287, 120.4360959",0809-099-002,24小時營運,虎尾鎮重要MOOVO租借點，位於虎尾糖廠冰品部 / 同心公園，支援APP掃碼與TPASS月票，串聯周邊景點與通勤動線。,"MOOVO,TPASS適用,虎尾鎮,觀光休閒","https://www.google.com/maps/search/?api=1&query=23.703287,120.4360959",台糖虎尾糖廠冰品部
MOOVO-YL-049,MOOVO自行車租借站,觀光休閒,虎尾鐵橋 / 糖鐵五分車站,虎尾鎮,中山路底虎尾鐵橋步道起點,23.7041765,120.4363629,"23.7041765, 120.4363629",0809-099-002,24小時營運,虎尾鎮重要MOOVO租借點，位於虎尾鐵橋 / 糖鐵五分車站，支援APP掃碼與TPASS月票，串聯周邊景點與通勤動線。,"MOOVO,TPASS適用,虎尾鎮,觀光休閒","https://www.google.com/maps/search/?api=1&query=23.7041765,120.4363629",虎尾驛
MOOVO-YL-050,MOOVO自行車租借站,機關醫療,虎尾鎮公所,虎尾鎮,勝利路66號（公所廣場旁）,23.7083539,120.4451923,"23.7083539, 120.4451923",0809-099-002,24小時營運,虎尾鎮重要MOOVO租借點，位於虎尾鎮公所，支援APP掃碼與TPASS月票，串聯周邊景點與通勤動線。,"MOOVO,TPASS適用,虎尾鎮,機關醫療","https://www.google.com/maps/search/?api=1&query=23.7083539,120.4451923",雲林縣虎尾鎮公所
MOOVO-YL-051,MOOVO自行車租借站,學校文教,虎尾鎮立圖書館 / 體育場,虎尾鎮,光明路124號（圖書館前）,23.7068963,120.4471519,"23.7068963, 120.4471519",0809-099-002,24小時營運,虎尾鎮重要MOOVO租借點，位於虎尾鎮立圖書館 / 體育場，支援APP掃碼與TPASS月票，串聯周邊景點與通勤動線。,"MOOVO,TPASS適用,虎尾鎮,學校文教","https://www.google.com/maps/search/?api=1&query=23.7068963,120.4471519",雲林縣虎尾鎮立圖書館
MOOVO-YL-052,MOOVO自行車租借站,機關醫療,臺大醫院雲林分院虎尾院區,虎尾鎮,學府路99號（臺大醫院正門口）,23.7350349,120.4269469,"23.7350349, 120.4269469",0809-099-002,24小時營運,虎尾鎮重要MOOVO租借點，位於臺大醫院雲林分院虎尾院區，支援APP掃碼與TPASS月票，串聯周邊景點與通勤動線。,"MOOVO,TPASS適用,虎尾鎮,機關醫療","https://www.google.com/maps/search/?api=1&query=23.7350349,120.4269469",國立臺灣大學醫學院附設醫院雲林分院虎尾院區
MOOVO-YL-053,MOOVO自行車租借站,機關醫療,虎尾若瑟醫院,虎尾鎮,新生路74號（若瑟醫院側門旁）,23.7085408,120.438219,"23.7085408, 120.438219",0809-099-002,24小時營運,虎尾鎮重要MOOVO租借點，位於虎尾若瑟醫院，支援APP掃碼與TPASS月票，串聯周邊景點與通勤動線。,"MOOVO,TPASS適用,虎尾鎮,機關醫療","https://www.google.com/maps/search/?api=1&query=23.7085408,120.438219",天主教若瑟醫療財團法人若瑟醫院
MOOVO-YL-054,MOOVO自行車租借站,學校文教,國立虎尾高級中學,虎尾鎮,光復路222號（虎尾高中校門前）,23.710316,120.4421522,"23.710316, 120.4421522",0809-099-002,24小時營運,虎尾鎮重要MOOVO租借點，位於國立虎尾高級中學，支援APP掃碼與TPASS月票，串聯周邊景點與通勤動線。,"MOOVO,TPASS適用,虎尾鎮,學校文教","https://www.google.com/maps/search/?api=1&query=23.710316,120.4421522",國立虎尾高級中學
MOOVO-YL-055,MOOVO自行車租借站,學校文教,國立虎尾高級農工職業學校,虎尾鎮,博愛路65號（虎尾農工大門）,23.7148646,120.4365681,"23.7148646, 120.4365681",0809-099-002,24小時營運,虎尾鎮重要MOOVO租借點，位於國立虎尾高級農工職業學校，支援APP掃碼與TPASS月票，串聯周邊景點與通勤動線。,"MOOVO,TPASS適用,虎尾鎮,學校文教","https://www.google.com/maps/search/?api=1&query=23.7148646,120.4365681",國立虎尾高級農工職業學校
MOOVO-YL-056,MOOVO自行車租借站,學校文教,虎尾國中,虎尾鎮,安慶里虎尾國中旁,23.7242456,120.4566637,"23.7242456, 120.4566637",0809-099-002,24小時營運,虎尾鎮重要MOOVO租借點，位於虎尾國中，支援APP掃碼與TPASS月票，串聯周邊景點與通勤動線。,"MOOVO,TPASS適用,虎尾鎮,學校文教","https://www.google.com/maps/search/?api=1&query=23.7242456,120.4566637",雲林縣立虎尾國民中學
MOOVO-YL-057,MOOVO自行車租借站,學校文教,東仁國中,虎尾鎮,東仁路東仁國中校門前,23.714138,120.440068,"23.714138, 120.440068",0809-099-002,24小時營運,虎尾鎮重要MOOVO租借點，位於東仁國中，支援APP掃碼與TPASS月票，串聯周邊景點與通勤動線。,"MOOVO,TPASS適用,虎尾鎮,學校文教","https://www.google.com/maps/search/?api=1&query=23.714138,120.440068",雲林縣立東仁國民中學
MOOVO-YL-058,MOOVO自行車租借站,觀光休閒,興隆毛巾觀光工廠,虎尾鎮,埒內里84-1號（觀光工廠大門口）,23.724982,120.4431645,"23.724982, 120.4431645",0809-099-002,24小時營運,虎尾鎮重要MOOVO租借點，位於興隆毛巾觀光工廠，支援APP掃碼與TPASS月票，串聯周邊景點與通勤動線。,"MOOVO,TPASS適用,虎尾鎮,觀光休閒","https://www.google.com/maps/search/?api=1&query=23.724982,120.4431645",興隆毛巾觀光工廠
MOOVO-YL-059,MOOVO自行車租借站,觀光休閒,頂溪社區屋頂上的貓彩繪村,虎尾鎮,頂溪里貓屋彩繪公園旁,23.7288976,120.4628142,"23.7288976, 120.4628142",0809-099-002,24小時營運,虎尾鎮重要MOOVO租借點，位於頂溪社區屋頂上的貓彩繪村，支援APP掃碼與TPASS月票，串聯周邊景點與通勤動線。,"MOOVO,TPASS適用,虎尾鎮,觀光休閒","https://www.google.com/maps/search/?api=1&query=23.7288976,120.4628142",屋頂上的貓
MOOVO-YL-060,MOOVO自行車租借站,宗教社區,持法媽祖宮,虎尾鎮,頂溪里西園46號（持法媽祖宮前廣場）,23.7387532,120.4609698,"23.7387532, 120.4609698",0809-099-002,24小時營運,虎尾鎮重要MOOVO租借點，位於持法媽祖宮，支援APP掃碼與TPASS月票，串聯周邊景點與通勤動線。,"MOOVO,TPASS適用,虎尾鎮,宗教社區","https://www.google.com/maps/search/?api=1&query=23.7387532,120.4609698",持法媽祖宮
MOOVO-YL-061,MOOVO自行車租借站,宗教社區,虎尾德興宮(王爺廟),虎尾鎮,中正路1號（德興宮廟埕）,23.7079245,120.4326548,"23.7079245, 120.4326548",0809-099-002,24小時營運,虎尾鎮重要MOOVO租借點，位於虎尾德興宮(王爺廟)，支援APP掃碼與TPASS月票，串聯周邊景點與通勤動線。,"MOOVO,TPASS適用,虎尾鎮,宗教社區","https://www.google.com/maps/search/?api=1&query=23.7079245,120.4326548",虎尾德興宮 池府王爺
MOOVO-YL-062,MOOVO自行車租借站,觀光休閒,虎尾圓環,虎尾鎮,虎尾地標圓環（素還真雕像旁）,23.7099875,120.4375977,"23.7099875, 120.4375977",0809-099-002,24小時營運,虎尾鎮重要MOOVO租借點，位於虎尾圓環，支援APP掃碼與TPASS月票，串聯周邊景點與通勤動線。,"MOOVO,TPASS適用,虎尾鎮,觀光休閒","https://www.google.com/maps/search/?api=1&query=23.7099875,120.4375977",虎尾圓環 鋼雕素還真
MOOVO-YL-063,MOOVO自行車租借站,購物商圈,家樂福虎尾店,虎尾鎮,立仁路家樂福入口停車場,23.7049799,120.4267214,"23.7049799, 120.4267214",0809-099-002,24小時營運,虎尾鎮重要MOOVO租借點，位於家樂福虎尾店，支援APP掃碼與TPASS月票，串聯周邊景點與通勤動線。,"MOOVO,TPASS適用,虎尾鎮,購物商圈","https://www.google.com/maps/search/?api=1&query=23.7049799,120.4267214",萬家福量販 虎尾店
MOOVO-YL-064,MOOVO自行車租借站,購物商圈,全聯虎尾林森店,虎尾鎮,林森路二段全聯福利中心前,23.6989971,120.4244016,"23.6989971, 120.4244016",0809-099-002,24小時營運,虎尾鎮重要MOOVO租借點，位於全聯虎尾林森店，支援APP掃碼與TPASS月票，串聯周邊景點與通勤動線。,"MOOVO,TPASS適用,虎尾鎮,購物商圈","https://www.google.com/maps/search/?api=1&query=23.6989971,120.4244016",全聯福利中心Pxmart 虎尾林森
MOOVO-YL-065,MOOVO自行車租借站,購物商圈,全聯虎尾文化店,虎尾鎮,文化路全聯旁,23.7113589,120.4331612,"23.7113589, 120.4331612",0809-099-002,24小時營運,虎尾鎮重要MOOVO租借點，位於全聯虎尾文化店，支援APP掃碼與TPASS月票，串聯周邊景點與通勤動線。,"MOOVO,TPASS適用,虎尾鎮,購物商圈","https://www.google.com/maps/search/?api=1&query=23.7113589,120.4331612",全聯福利中心Pxmart 虎尾新興
MOOVO-YL-066,MOOVO自行車租借站,觀光休閒,虎尾驛(旅客服務中心),虎尾鎮,中山路64號（虎尾驛前）,23.7041765,120.4363629,"23.7041765, 120.4363629",0809-099-002,24小時營運,虎尾鎮重要MOOVO租借點，位於虎尾驛(旅客服務中心)，支援APP掃碼與TPASS月票，串聯周邊景點與通勤動線。,"MOOVO,TPASS適用,虎尾鎮,觀光休閒","https://www.google.com/maps/search/?api=1&query=23.7041765,120.4363629",虎尾驛
MOOVO-YL-067,MOOVO自行車租借站,觀光休閒,涌翠閣(日式建築),虎尾鎮,水源路涌翠閣園區旁,23.7129202,120.4339448,"23.7129202, 120.4339448",0809-099-002,24小時營運,虎尾鎮重要MOOVO租借點，位於涌翠閣(日式建築)，支援APP掃碼與TPASS月票，串聯周邊景點與通勤動線。,"MOOVO,TPASS適用,虎尾鎮,觀光休閒","https://www.google.com/maps/search/?api=1&query=23.7129202,120.4339448",涌翠閣
MOOVO-YL-068,MOOVO自行車租借站,機關醫療,中科虎尾園區行政大樓,虎尾鎮,科虎路中科園區服務處,23.7379829,120.4067542,"23.7379829, 120.4067542",0809-099-002,24小時營運,虎尾鎮重要MOOVO租借點，位於中科虎尾園區行政大樓，支援APP掃碼與TPASS月票，串聯周邊景點與通勤動線。,"MOOVO,TPASS適用,虎尾鎮,機關醫療","https://www.google.com/maps/search/?api=1&query=23.7379829,120.4067542",中科虎尾園區
MOOVO-YL-069,MOOVO自行車租借站,學校文教,大屯國小,虎尾鎮,大屯路大屯國小前,23.7020898,120.388586,"23.7020898, 120.388586",0809-099-002,24小時營運,虎尾鎮重要MOOVO租借點，位於大屯國小，支援APP掃碼與TPASS月票，串聯周邊景點與通勤動線。,"MOOVO,TPASS適用,虎尾鎮,學校文教","https://www.google.com/maps/search/?api=1&query=23.7020898,120.388586",雲林縣虎尾鎮大屯國民小學
MOOVO-YL-070,MOOVO自行車租借站,宗教社區,埒內活動中心,虎尾鎮,埒內里活動中心前,23.7208314,120.4454602,"23.7208314, 120.4454602",0809-099-002,24小時營運,虎尾鎮重要MOOVO租借點，位於埒內活動中心，支援APP掃碼與TPASS月票，串聯周邊景點與通勤動線。,"MOOVO,TPASS適用,虎尾鎮,宗教社區","https://www.google.com/maps/search/?api=1&query=23.7208314,120.4454602",雲林縣虎尾鎮埒內社區活動中心
MOOVO-YL-071,MOOVO自行車租借站,交通轉運,斗南火車站前站,斗南鎮,中山路與延平路一段口（站前廣場）,23.6725648,120.4809667,"23.6725648, 120.4809667",0809-099-002,24小時營運,斗南鎮重要MOOVO租借點，位於斗南火車站前站，支援APP掃碼與TPASS月票，串聯周邊景點與通勤動線。,"MOOVO,TPASS適用,斗南鎮,交通轉運","https://www.google.com/maps/search/?api=1&query=23.6725648,120.4809667",斗南車站
MOOVO-YL-072,MOOVO自行車租借站,交通轉運,斗南火車站後站,斗南鎮,南昌路後站出口旁,23.6725648,120.4809667,"23.6725648, 120.4809667",0809-099-002,24小時營運,斗南鎮重要MOOVO租借點，位於斗南火車站後站，支援APP掃碼與TPASS月票，串聯周邊景點與通勤動線。,"MOOVO,TPASS適用,斗南鎮,交通轉運","https://www.google.com/maps/search/?api=1&query=23.6725648,120.4809667",斗南車站
MOOVO-YL-073,MOOVO自行車租借站,宗教社區,斗南順安宮(斗南媽),斗南鎮,長安路一段126號（順安宮前）,23.6753879,120.4734099,"23.6753879, 120.4734099",0809-099-002,24小時營運,斗南鎮重要MOOVO租借點，位於斗南順安宮(斗南媽)，支援APP掃碼與TPASS月票，串聯周邊景點與通勤動線。,"MOOVO,TPASS適用,斗南鎮,宗教社區","https://www.google.com/maps/search/?api=1&query=23.6753879,120.4734099",斗南順安宮(菜脯媽)
MOOVO-YL-074,MOOVO自行車租借站,觀光休閒,斗南田徑場 / 體育館,斗南鎮,大成路斗南田徑場正門口,23.6820001,120.4741249,"23.6820001, 120.4741249",0809-099-002,24小時營運,斗南鎮重要MOOVO租借點，位於斗南田徑場 / 體育館，支援APP掃碼與TPASS月票，串聯周邊景點與通勤動線。,"MOOVO,TPASS適用,斗南鎮,觀光休閒","https://www.google.com/maps/search/?api=1&query=23.6820001,120.4741249",雲林縣立斗南田徑場
MOOVO-YL-075,MOOVO自行車租借站,機關醫療,斗南鎮公所 / 圖書館,斗南鎮,文昌路157號（公所廣場）,23.6790918,120.4787947,"23.6790918, 120.4787947",0809-099-002,24小時營運,斗南鎮重要MOOVO租借點，位於斗南鎮公所 / 圖書館，支援APP掃碼與TPASS月票，串聯周邊景點與通勤動線。,"MOOVO,TPASS適用,斗南鎮,機關醫療","https://www.google.com/maps/search/?api=1&query=23.6790918,120.4787947",雲林縣斗南鎮立圖書館
MOOVO-YL-076,MOOVO自行車租借站,學校文教,國立斗南高級中學,斗南鎮,中山路212號（斗南高中大門）,23.6816212,120.4768477,"23.6816212, 120.4768477",0809-099-002,24小時營運,斗南鎮重要MOOVO租借點，位於國立斗南高級中學，支援APP掃碼與TPASS月票，串聯周邊景點與通勤動線。,"MOOVO,TPASS適用,斗南鎮,學校文教","https://www.google.com/maps/search/?api=1&query=23.6816212,120.4768477",雲林縣立斗南高級中學
MOOVO-YL-077,MOOVO自行車租借站,學校文教,斗南國小,斗南鎮,文元街斗南國小側門,23.680109,120.4792741,"23.680109, 120.4792741",0809-099-002,24小時營運,斗南鎮重要MOOVO租借點，位於斗南國小，支援APP掃碼與TPASS月票，串聯周邊景點與通勤動線。,"MOOVO,TPASS適用,斗南鎮,學校文教","https://www.google.com/maps/search/?api=1&query=23.680109,120.4792741",雲林縣斗南鎮斗南國民小學
MOOVO-YL-078,MOOVO自行車租借站,學校文教,文安國小,斗南鎮,文安街文安國小前,23.6916182,120.4804341,"23.6916182, 120.4804341",0809-099-002,24小時營運,斗南鎮重要MOOVO租借點，位於文安國小，支援APP掃碼與TPASS月票，串聯周邊景點與通勤動線。,"MOOVO,TPASS適用,斗南鎮,學校文教","https://www.google.com/maps/search/?api=1&query=23.6916182,120.4804341",雲林縣斗南鎮文安國民小學
MOOVO-YL-079,MOOVO自行車租借站,學校文教,大東國小,斗南鎮,大東里大東國小大門口,23.676472,120.446147,"23.676472, 120.446147",0809-099-002,24小時營運,斗南鎮重要MOOVO租借點，位於大東國小，支援APP掃碼與TPASS月票，串聯周邊景點與通勤動線。,"MOOVO,TPASS適用,斗南鎮,學校文教","https://www.google.com/maps/search/?api=1&query=23.676472,120.446147",雲林縣斗南鎮大東國民小學
MOOVO-YL-080,MOOVO自行車租借站,交通轉運,石龜火車站,斗南鎮,石龜火車站出口旁,23.63951,120.47105,"23.63951, 120.47105",0809-099-002,24小時營運,斗南鎮重要MOOVO租借點，位於石龜火車站，支援APP掃碼與TPASS月票，串聯周邊景點與通勤動線。,"MOOVO,TPASS適用,斗南鎮,交通轉運","https://www.google.com/maps/search/?api=1&query=23.63951,120.47105",石龜車站
MOOVO-YL-081,MOOVO自行車租借站,學校文教,石龜國小 / 石龜天后宮,斗南鎮,四維路石龜國小前,23.639302,120.4835908,"23.639302, 120.4835908",0809-099-002,24小時營運,斗南鎮重要MOOVO租借點，位於石龜國小 / 石龜天后宮，支援APP掃碼與TPASS月票，串聯周邊景點與通勤動線。,"MOOVO,TPASS適用,斗南鎮,學校文教","https://www.google.com/maps/search/?api=1&query=23.639302,120.4835908",斗南石龜溪天后宮
MOOVO-YL-082,MOOVO自行車租借站,購物商圈,全聯斗南延平店,斗南鎮,延平路一段全聯福利中心前,23.6684849,120.4746469,"23.6684849, 120.4746469",0809-099-002,24小時營運,斗南鎮重要MOOVO租借點，位於全聯斗南延平店，支援APP掃碼與TPASS月票，串聯周邊景點與通勤動線。,"MOOVO,TPASS適用,斗南鎮,購物商圈","https://www.google.com/maps/search/?api=1&query=23.6684849,120.4746469",全聯福利中心Pxmart 斗南延平
MOOVO-YL-083,MOOVO自行車租借站,觀光休閒,斗南鎮立河濱公園,斗南鎮,河濱公園步道入口,23.6816674,120.4721643,"23.6816674, 120.4721643",0809-099-002,24小時營運,斗南鎮重要MOOVO租借點，位於斗南鎮立河濱公園，支援APP掃碼與TPASS月票，串聯周邊景點與通勤動線。,"MOOVO,TPASS適用,斗南鎮,觀光休閒","https://www.google.com/maps/search/?api=1&query=23.6816674,120.4721643",斗南鎮八德公園
MOOVO-YL-084,MOOVO自行車租借站,觀光休閒,他里霧文化園區,斗南鎮,斗南火車站旁他里霧繪本館前,23.6739587,120.4813354,"23.6739587, 120.4813354",0809-099-002,24小時營運,斗南鎮重要MOOVO租借點，位於他里霧文化園區，支援APP掃碼與TPASS月票，串聯周邊景點與通勤動線。,"MOOVO,TPASS適用,斗南鎮,觀光休閒","https://www.google.com/maps/search/?api=1&query=23.6739587,120.4813354",他里霧文化園區
MOOVO-YL-085,MOOVO自行車租借站,宗教社區,新光里社區活動中心,斗南鎮,延平路三段新光活動中心,23.6862034,120.485165,"23.6862034, 120.485165",0809-099-002,24小時營運,斗南鎮重要MOOVO租借點，位於新光里社區活動中心，支援APP掃碼與TPASS月票，串聯周邊景點與通勤動線。,"MOOVO,TPASS適用,斗南鎮,宗教社區","https://www.google.com/maps/search/?api=1&query=23.6862034,120.485165",斗南鎮新光社區發展協會
MOOVO-YL-086,MOOVO自行車租借站,觀光休閒,西螺大橋公園 / 蝴蝶公園,西螺鎮,西螺大橋南端橋頭公園／高灘地入口,23.8059714,120.460728,"23.8059714, 120.460728",0809-099-002,24小時營運,西螺鎮重要MOOVO租借點，位於西螺大橋公園 / 蝴蝶公園，支援APP掃碼與TPASS月票，串聯周邊景點與通勤動線。,"MOOVO,TPASS適用,西螺鎮,觀光休閒","https://www.google.com/maps/search/?api=1&query=23.8059714,120.460728",西螺蝴蝶公園(蝴蝶地景)
MOOVO-YL-087,MOOVO自行車租借站,交通轉運,西螺轉運站,西螺鎮,中山路70號（客運轉運站旁）,23.80027,120.4621,"23.80027, 120.4621",0809-099-002,24小時營運,西螺鎮重要MOOVO租借點，位於西螺轉運站，支援APP掃碼與TPASS月票，串聯周邊景點與通勤動線。,"MOOVO,TPASS適用,西螺鎮,交通轉運","https://www.google.com/maps/search/?api=1&query=23.80027,120.4621",西螺轉運站
MOOVO-YL-088,MOOVO自行車租借站,宗教社區,西螺福興宮(太平媽),西螺鎮,延平路180號（福興宮前老街商圈）,23.8016276,120.4605212,"23.8016276, 120.4605212",0809-099-002,24小時營運,西螺鎮重要MOOVO租借點，位於西螺福興宮(太平媽)，支援APP掃碼與TPASS月票，串聯周邊景點與通勤動線。,"MOOVO,TPASS適用,西螺鎮,宗教社區","https://www.google.com/maps/search/?api=1&query=23.8016276,120.4605212",西螺福興宮 西螺媽祖太平媽｜媽祖文化祭
MOOVO-YL-089,MOOVO自行車租借站,宗教社區,西螺廣福宮(老大媽),西螺鎮,新街路32號（廣福宮廟前廣場）,23.7971558,120.4647035,"23.7971558, 120.4647035",0809-099-002,24小時營運,西螺鎮重要MOOVO租借點，位於西螺廣福宮(老大媽)，支援APP掃碼與TPASS月票，串聯周邊景點與通勤動線。,"MOOVO,TPASS適用,西螺鎮,宗教社區","https://www.google.com/maps/search/?api=1&query=23.7971558,120.4647035",縣定古蹟西螺廣福宮 西螺媽老大媽廟
MOOVO-YL-090,MOOVO自行車租借站,觀光休閒,西螺東市場 / 延平老街,西螺鎮,延平路東市場文創園區前,23.8014431,120.4619038,"23.8014431, 120.4619038",0809-099-002,24小時營運,西螺鎮重要MOOVO租借點，位於西螺東市場 / 延平老街，支援APP掃碼與TPASS月票，串聯周邊景點與通勤動線。,"MOOVO,TPASS適用,西螺鎮,觀光休閒","https://www.google.com/maps/search/?api=1&query=23.8014431,120.4619038",西螺延平老街
MOOVO-YL-091,MOOVO自行車租借站,觀光休閒,西螺森活武樹園區,西螺鎮,光復西路園區大門,23.8057749,120.4572697,"23.8057749, 120.4572697",0809-099-002,24小時營運,西螺鎮重要MOOVO租借點，位於西螺森活武樹園區，支援APP掃碼與TPASS月票，串聯周邊景點與通勤動線。,"MOOVO,TPASS適用,西螺鎮,觀光休閒","https://www.google.com/maps/search/?api=1&query=23.8057749,120.4572697",西螺森活武樹公園
MOOVO-YL-092,MOOVO自行車租借站,機關醫療,西螺鎮公所 / 圖書館,西螺鎮,光復西路20號（公所前廣場）,23.7989029,120.4577097,"23.7989029, 120.4577097",0809-099-002,24小時營運,西螺鎮重要MOOVO租借點，位於西螺鎮公所 / 圖書館，支援APP掃碼與TPASS月票，串聯周邊景點與通勤動線。,"MOOVO,TPASS適用,西螺鎮,機關醫療","https://www.google.com/maps/search/?api=1&query=23.7989029,120.4577097",雲林縣西螺鎮立圖書館
MOOVO-YL-093,MOOVO自行車租借站,學校文教,國立西螺高級農工職業學校,西螺鎮,大同路4號（西螺農工校門）,23.7945307,120.4683516,"23.7945307, 120.4683516",0809-099-002,24小時營運,西螺鎮重要MOOVO租借點，位於國立西螺高級農工職業學校，支援APP掃碼與TPASS月票，串聯周邊景點與通勤動線。,"MOOVO,TPASS適用,西螺鎮,學校文教","https://www.google.com/maps/search/?api=1&query=23.7945307,120.4683516",國立西螺高級農工職業學校
MOOVO-YL-094,MOOVO自行車租借站,學校文教,西螺國中,西螺鎮,興農西路西螺國中大門,23.7932286,120.4600875,"23.7932286, 120.4600875",0809-099-002,24小時營運,西螺鎮重要MOOVO租借點，位於西螺國中，支援APP掃碼與TPASS月票，串聯周邊景點與通勤動線。,"MOOVO,TPASS適用,西螺鎮,學校文教","https://www.google.com/maps/search/?api=1&query=23.7932286,120.4600875",雲林縣立西螺國民中學
MOOVO-YL-095,MOOVO自行車租借站,學校文教,文昌國小,西螺鎮,文昌路文昌國小校門口,23.8002495,120.4520805,"23.8002495, 120.4520805",0809-099-002,24小時營運,西螺鎮重要MOOVO租借點，位於文昌國小，支援APP掃碼與TPASS月票，串聯周邊景點與通勤動線。,"MOOVO,TPASS適用,西螺鎮,學校文教","https://www.google.com/maps/search/?api=1&query=23.8002495,120.4520805",雲林縣西螺鎮文昌國民小學
MOOVO-YL-096,MOOVO自行車租借站,觀光休閒,丸莊醬油觀光工廠,西螺鎮,延平路丸莊醬油博物館前,23.8024272,120.4637897,"23.8024272, 120.4637897",0809-099-002,24小時營運,西螺鎮重要MOOVO租借點，位於丸莊醬油觀光工廠，支援APP掃碼與TPASS月票，串聯周邊景點與通勤動線。,"MOOVO,TPASS適用,西螺鎮,觀光休閒","https://www.google.com/maps/search/?api=1&query=23.8024272,120.4637897",丸莊醬油觀光工廠
MOOVO-YL-097,MOOVO自行車租借站,宗教社區,西螺吳厝朝興宮,西螺鎮,吳厝里朝興宮前廣場,23.7455564,120.4234888,"23.7455564, 120.4234888",0809-099-002,24小時營運,西螺鎮重要MOOVO租借點，位於西螺吳厝朝興宮，支援APP掃碼與TPASS月票，串聯周邊景點與通勤動線。,"MOOVO,TPASS適用,西螺鎮,宗教社區","https://www.google.com/maps/search/?api=1&query=23.7455564,120.4234888",西螺吳厝朝興宮（吳厝媽祖）
MOOVO-YL-098,MOOVO自行車租借站,宗教社區,北港武德宮(五路財神祖廟),北港鎮,華勝路330號（武德宮大門廣場旁）,23.5810284,120.2991433,"23.5810284, 120.2991433",0809-099-002,24小時營運,北港鎮重要MOOVO租借點，位於北港武德宮(五路財神祖廟)，支援APP掃碼與TPASS月票，串聯周邊景點與通勤動線。,"MOOVO,TPASS適用,北港鎮,宗教社區","https://www.google.com/maps/search/?api=1&query=23.5810284,120.2991433",北港武德宮
MOOVO-YL-099,MOOVO自行車租借站,宗教社區,北港朝天宮 / 廟前商圈,北港鎮,中山路朝天宮老街入口旁,23.5681177,120.3046998,"23.5681177, 120.3046998",0809-099-002,24小時營運,北港鎮重要MOOVO租借點，位於北港朝天宮 / 廟前商圈，支援APP掃碼與TPASS月票，串聯周邊景點與通勤動線。,"MOOVO,TPASS適用,北港鎮,宗教社區","https://www.google.com/maps/search/?api=1&query=23.5681177,120.3046998",北港朝天宮
MOOVO-YL-100,MOOVO自行車租借站,觀光休閒,北港觀光大橋 / 遊客中心,北港鎮,中山路底觀光大橋引道旁,23.5620759,120.3035371,"23.5620759, 120.3035371",0809-099-002,24小時營運,北港鎮重要MOOVO租借點，位於北港觀光大橋 / 遊客中心，支援APP掃碼與TPASS月票，串聯周邊景點與通勤動線。,"MOOVO,TPASS適用,北港鎮,觀光休閒","https://www.google.com/maps/search/?api=1&query=23.5620759,120.3035371",北港觀光大橋
MOOVO-YL-101,MOOVO自行車租借站,觀光休閒,水道頭文化園區,北港鎮,民生路十角水塔旁,23.5644195,120.3055976,"23.5644195, 120.3055976",0809-099-002,24小時營運,北港鎮重要MOOVO租借點，位於水道頭文化園區，支援APP掃碼與TPASS月票，串聯周邊景點與通勤動線。,"MOOVO,TPASS適用,北港鎮,觀光休閒","https://www.google.com/maps/search/?api=1&query=23.5644195,120.3055976",北港水道頭文化園區
MOOVO-YL-102,MOOVO自行車租借站,學校文教,北港文化中心 / 運動公園,北港鎮,公園路66號（文化中心前庭）,23.5761376,120.3038055,"23.5761376, 120.3038055",0809-099-002,24小時營運,北港鎮重要MOOVO租借點，位於北港文化中心 / 運動公園，支援APP掃碼與TPASS月票，串聯周邊景點與通勤動線。,"MOOVO,TPASS適用,北港鎮,學校文教","https://www.google.com/maps/search/?api=1&query=23.5761376,120.3038055",北港運動公園
MOOVO-YL-103,MOOVO自行車租借站,機關醫療,中國醫藥大學北港附設醫院(媽祖醫院),北港鎮,新德路123號（媽祖醫院大門）,23.5899938,120.30729,"23.5899938, 120.30729",0809-099-002,24小時營運,北港鎮重要MOOVO租借點，位於中國醫藥大學北港附設醫院(媽祖醫院)，支援APP掃碼與TPASS月票，串聯周邊景點與通勤動線。,"MOOVO,TPASS適用,北港鎮,機關醫療","https://www.google.com/maps/search/?api=1&query=23.5899938,120.30729",中國醫藥大學北港附設醫院
MOOVO-YL-104,MOOVO自行車租借站,機關醫療,北港鎮公所,北港鎮,華勝路136號（公所廣場）,23.575885,120.3023536,"23.575885, 120.3023536",0809-099-002,24小時營運,北港鎮重要MOOVO租借點，位於北港鎮公所，支援APP掃碼與TPASS月票，串聯周邊景點與通勤動線。,"MOOVO,TPASS適用,北港鎮,機關醫療","https://www.google.com/maps/search/?api=1&query=23.575885,120.3023536",雲林縣北港鎮公所
MOOVO-YL-105,MOOVO自行車租借站,學校文教,國立北港高級中學,北港鎮,成功路1號（北港高中校門口）,23.577404,120.3044383,"23.577404, 120.3044383",0809-099-002,24小時營運,北港鎮重要MOOVO租借點，位於國立北港高級中學，支援APP掃碼與TPASS月票，串聯周邊景點與通勤動線。,"MOOVO,TPASS適用,北港鎮,學校文教","https://www.google.com/maps/search/?api=1&query=23.577404,120.3044383",國立北港高級中學
MOOVO-YL-106,MOOVO自行車租借站,學校文教,國立北港高級農工職業學校,北港鎮,太平路80號（北港農工前）,23.5798652,120.3060989,"23.5798652, 120.3060989",0809-099-002,24小時營運,北港鎮重要MOOVO租借點，位於國立北港高級農工職業學校，支援APP掃碼與TPASS月票，串聯周邊景點與通勤動線。,"MOOVO,TPASS適用,北港鎮,學校文教","https://www.google.com/maps/search/?api=1&query=23.5798652,120.3060989",國立北港高級農工職業學校
MOOVO-YL-107,MOOVO自行車租借站,觀光休閒,北港糖廠文創園區,北港鎮,光復路北港糖廠大門旁,23.5679669,120.2975469,"23.5679669, 120.2975469",0809-099-002,24小時營運,北港鎮重要MOOVO租借點，位於北港糖廠文創園區，支援APP掃碼與TPASS月票，串聯周邊景點與通勤動線。,"MOOVO,TPASS適用,北港鎮,觀光休閒","https://www.google.com/maps/search/?api=1&query=23.5679669,120.2975469",北港糖廠
MOOVO-YL-108,MOOVO自行車租借站,宗教社區,土庫順天宮(塗褲媽),土庫鎮,中正路109號（順天宮媽祖廟前）,23.6764379,120.390708,"23.6764379, 120.390708",0809-099-002,24小時營運,土庫鎮重要MOOVO租借點，位於土庫順天宮(塗褲媽)，支援APP掃碼與TPASS月票，串聯周邊景點與通勤動線。,"MOOVO,TPASS適用,土庫鎮,宗教社區","https://www.google.com/maps/search/?api=1&query=23.6764379,120.390708",土庫順天宮
MOOVO-YL-109,MOOVO自行車租借站,機關醫療,土庫鎮公所 / 圖書館,土庫鎮,石廟里中正路1號（公所大門旁）,23.6750785,120.3892753,"23.6750785, 120.3892753",0809-099-002,24小時營運,土庫鎮重要MOOVO租借點，位於土庫鎮公所 / 圖書館，支援APP掃碼與TPASS月票，串聯周邊景點與通勤動線。,"MOOVO,TPASS適用,土庫鎮,機關醫療","https://www.google.com/maps/search/?api=1&query=23.6750785,120.3892753",雲林縣土庫鎮立圖書館
MOOVO-YL-110,MOOVO自行車租借站,觀光休閒,土庫故事屋,土庫鎮,成功路土庫故事屋前,23.6773644,120.3930321,"23.6773644, 120.3930321",0809-099-002,24小時營運,土庫鎮重要MOOVO租借點，位於土庫故事屋，支援APP掃碼與TPASS月票，串聯周邊景點與通勤動線。,"MOOVO,TPASS適用,土庫鎮,觀光休閒","https://www.google.com/maps/search/?api=1&query=23.6773644,120.3930321",土庫故事屋
MOOVO-YL-111,MOOVO自行車租借站,學校文教,土庫國中(印度櫻花大道),土庫鎮,馬光路土庫國中旁,23.6861952,120.3882851,"23.6861952, 120.3882851",0809-099-002,24小時營運,土庫鎮重要MOOVO租借點，位於土庫國中(印度櫻花大道)，支援APP掃碼與TPASS月票，串聯周邊景點與通勤動線。,"MOOVO,TPASS適用,土庫鎮,學校文教","https://www.google.com/maps/search/?api=1&query=23.6861952,120.3882851",雲林縣立土庫國民中學
MOOVO-YL-112,MOOVO自行車租借站,宗教社區,馬光順安宮,土庫鎮,馬光路馬光順安宮前,23.7056343,120.3575503,"23.7056343, 120.3575503",0809-099-002,24小時營運,土庫鎮重要MOOVO租借點，位於馬光順安宮，支援APP掃碼與TPASS月票，串聯周邊景點與通勤動線。,"MOOVO,TPASS適用,土庫鎮,宗教社區","https://www.google.com/maps/search/?api=1&query=23.7056343,120.3575503",馬公厝順安宮天上聖母
MOOVO-YL-113,MOOVO自行車租借站,觀光休閒,口湖遊客中心,口湖鄉,光明路163號（口湖遊客中心停車場）,23.5479337,120.1823695,"23.5479337, 120.1823695",0809-099-002,24小時營運,口湖鄉重要MOOVO租借點，位於口湖遊客中心，支援APP掃碼與TPASS月票，串聯周邊景點與通勤動線。,"MOOVO,TPASS適用,口湖鄉,觀光休閒","https://www.google.com/maps/search/?api=1&query=23.5479337,120.1823695",口湖遊客中心
MOOVO-YL-114,MOOVO自行車租借站,觀光休閒,椬梧滯洪池(小日月潭),口湖鄉,椬梧滯洪池景觀環湖步道起點,23.5418746,120.1735195,"23.5418746, 120.1735195",0809-099-002,24小時營運,口湖鄉重要MOOVO租借點，位於椬梧滯洪池(小日月潭)，支援APP掃碼與TPASS月票，串聯周邊景點與通勤動線。,"MOOVO,TPASS適用,口湖鄉,觀光休閒","https://www.google.com/maps/search/?api=1&query=23.5418746,120.1735195",椬梧滯洪池
MOOVO-YL-115,MOOVO自行車租借站,機關醫療,口湖鄉公所 / 圖書館,口湖鄉,口湖路200號（公所廣場）,23.5806947,120.1866743,"23.5806947, 120.1866743",0809-099-002,24小時營運,口湖鄉重要MOOVO租借點，位於口湖鄉公所 / 圖書館，支援APP掃碼與TPASS月票，串聯周邊景點與通勤動線。,"MOOVO,TPASS適用,口湖鄉,機關醫療","https://www.google.com/maps/search/?api=1&query=23.5806947,120.1866743",雲林縣口湖鄉立圖書館鄭豐喜紀念圖書館
MOOVO-YL-116,MOOVO自行車租借站,宗教社區,金湖萬善爺廟 / 箔仔寮,口湖鄉,港東村萬善爺廟前廣場,23.5742865,120.152279,"23.5742865, 120.152279",0809-099-002,24小時營運,口湖鄉重要MOOVO租借點，位於金湖萬善爺廟 / 箔仔寮，支援APP掃碼與TPASS月票，串聯周邊景點與通勤動線。,"MOOVO,TPASS適用,口湖鄉,宗教社區","https://www.google.com/maps/search/?api=1&query=23.5742865,120.152279",金湖萬善爺廟
MOOVO-YL-117,MOOVO自行車租借站,學校文教,顏思齊故事館 / 水林公所,水林鄉,水林路顏思齊開台故事館旁,23.5706713,120.2550081,"23.5706713, 120.2550081",0809-099-002,24小時營運,水林鄉重要MOOVO租借點，位於顏思齊故事館 / 水林公所，支援APP掃碼與TPASS月票，串聯周邊景點與通勤動線。,"MOOVO,TPASS適用,水林鄉,學校文教","https://www.google.com/maps/search/?api=1&query=23.5706713,120.2550081",水林開台第一庄
MOOVO-YL-118,MOOVO自行車租借站,宗教社區,水林通天府,水林鄉,水北村水林路通天府前廣場,23.5743824,120.2414032,"23.5743824, 120.2414032",0809-099-002,24小時營運,水林鄉重要MOOVO租借點，位於水林通天府，支援APP掃碼與TPASS月票，串聯周邊景點與通勤動線。,"MOOVO,TPASS適用,水林鄉,宗教社區","https://www.google.com/maps/search/?api=1&query=23.5743824,120.2414032",雲林水林通天府 開基溫府千歲
MOOVO-YL-119,MOOVO自行車租借站,宗教社區,蕃薯厝順天宮(蕃薯寮媽),水林鄉,蕃薯村順天宮廟埕,23.5413355,120.2237749,"23.5413355, 120.2237749",0809-099-002,24小時營運,水林鄉重要MOOVO租借點，位於蕃薯厝順天宮(蕃薯寮媽)，支援APP掃碼與TPASS月票，串聯周邊景點與通勤動線。,"MOOVO,TPASS適用,水林鄉,宗教社區","https://www.google.com/maps/search/?api=1&query=23.5413355,120.2237749",蕃薯厝順天宮
MOOVO-YL-120,MOOVO自行車租借站,觀光休閒,古坑綠色隧道公園(正門),古坑鄉,湳仔綠色隧道公園正門入口,23.659291,120.5409846,"23.659291, 120.5409846",0809-099-002,24小時營運,古坑鄉重要MOOVO租借點，位於古坑綠色隧道公園(正門)，支援APP掃碼與TPASS月票，串聯周邊景點與通勤動線。,"MOOVO,TPASS適用,古坑鄉,觀光休閒","https://www.google.com/maps/search/?api=1&query=23.659291,120.5409846",古坑綠色隧道公園
MOOVO-YL-121,MOOVO自行車租借站,觀光休閒,古坑綠色隧道公園(驛站),古坑鄉,綠色隧道鐵道市集旁,23.659291,120.5409846,"23.659291, 120.5409846",0809-099-002,24小時營運,古坑鄉重要MOOVO租借點，位於古坑綠色隧道公園(驛站)，支援APP掃碼與TPASS月票，串聯周邊景點與通勤動線。,"MOOVO,TPASS適用,古坑鄉,觀光休閒","https://www.google.com/maps/search/?api=1&query=23.659291,120.5409846",古坑綠色隧道公園
MOOVO-YL-122,MOOVO自行車租借站,機關醫療,古坑鄉公所 / 圖書館,古坑鄉,中山路180號（公所前廣場）,23.6421546,120.561415,"23.6421546, 120.561415",0809-099-002,24小時營運,古坑鄉重要MOOVO租借點，位於古坑鄉公所 / 圖書館，支援APP掃碼與TPASS月票，串聯周邊景點與通勤動線。,"MOOVO,TPASS適用,古坑鄉,機關醫療","https://www.google.com/maps/search/?api=1&query=23.6421546,120.561415",雲林縣古坑鄉立圖書館
MOOVO-YL-123,MOOVO自行車租借站,觀光休閒,劍湖山世界主題樂園(山腳接駁),古坑鄉,光興路劍湖山山腳接駁處,23.6158352,120.5795803,"23.6158352, 120.5795803",0809-099-002,24小時營運,古坑鄉重要MOOVO租借點，位於劍湖山世界主題樂園(山腳接駁)，支援APP掃碼與TPASS月票，串聯周邊景點與通勤動線。,"MOOVO,TPASS適用,古坑鄉,觀光休閒","https://www.google.com/maps/search/?api=1&query=23.6158352,120.5795803",劍湖山世界主題樂園
711-YL-998080,7-ELEVEN,便利商店,7-ELEVEN 七崁門市,西螺鎮,雲林縣西螺鎮建興路163號1樓,23.7983714,120.4590626,"23.7983714, 120.4590626",(05)5878541,24H,7-ELEVEN 七崁門市，提供全天候補給、水廁與休憩服務。,"洗手間, 座位區, 霜淇淋, 精品咖啡, 行動電源","https://www.google.com/maps/search/?api=1&query=23.7983714,120.4590626",7-ELEVEN 七崁門市
711-YL-249153,7-ELEVEN,便利商店,7-ELEVEN 二崙門市,二崙鄉,雲林縣二崙鄉崙東村中山路一段269號,23.7702678,120.4135715,"23.7702678, 120.4135715",(05)5991711,24H,7-ELEVEN 二崙門市，提供全天候補給、水廁與休憩服務。,"座位區, 精品咖啡, 行動電源","https://www.google.com/maps/search/?api=1&query=23.7702678,120.4135715",7-ELEVEN 二崙門市
711-YL-229595,7-ELEVEN,便利商店,7-ELEVEN 三釗門市,虎尾鎮,雲林縣虎尾鎮中興里中興163之1號,23.7240246,120.4551262,"23.7240246, 120.4551262",(05)6225343,24H,7-ELEVEN 三釗門市，提供全天候補給、水廁與休憩服務。,"洗手間, 座位區, 精品咖啡, 行動電源","https://www.google.com/maps/search/?api=1&query=23.7240246,120.4551262",7-ELEVEN 三釗門市
711-YL-266077,7-ELEVEN,便利商店,7-ELEVEN 三勝門市,麥寮鄉,雲林縣麥寮鄉仁德西路一段37號,23.7970185,120.2648322,"23.7970185, 120.2648322",(05)6915771,24H,7-ELEVEN 三勝門市，提供全天候補給、水廁與休憩服務。,"洗手間, 座位區, 精品咖啡, 行動電源","https://www.google.com/maps/search/?api=1&query=23.7970185,120.2648322",7-ELEVEN 三勝門市
711-YL-206581,7-ELEVEN,便利商店,7-ELEVEN 上慶門市,斗六市,雲林縣斗六市漢口路190.192號,23.71258,120.5403269,"23.71258, 120.5403269",(05)5372911,24H,7-ELEVEN 上慶門市，提供全天候補給、水廁與休憩服務。,"洗手間, 座位區, Gogoro換電, 思樂冰, 精品咖啡, 行動電源","https://www.google.com/maps/search/?api=1&query=23.71258,120.5403269",7-ELEVEN 上慶門市
711-YL-980045,7-ELEVEN,便利商店,7-ELEVEN 于滿門市,斗南鎮,雲林縣斗南鎮延平路二段581號1樓,23.6701921,120.4760492,"23.6701921, 120.4760492",(05)5971920,24H,7-ELEVEN 于滿門市，提供全天候補給、水廁與休憩服務。,"洗手間, 座位區, 精品咖啡, 行動電源","https://www.google.com/maps/search/?api=1&query=23.6701921,120.4760492",7-ELEVEN 于滿門市
711-YL-241333,7-ELEVEN,便利商店,7-ELEVEN 口湖門市,口湖鄉,雲林縣口湖鄉中正路一段222號,23.5847591,120.1825578,"23.5847591, 120.1825578",(05)7891871,24H,7-ELEVEN 口湖門市，提供全天候補給、水廁與休憩服務。,"洗手間, 座位區, 精品咖啡, 行動電源","https://www.google.com/maps/search/?api=1&query=23.5847591,120.1825578",7-ELEVEN 口湖門市
711-YL-278634,7-ELEVEN,便利商店,7-ELEVEN 土庫中正門市,土庫鎮,雲林縣土庫鎮中正路201號之1,23.6783122,120.3918212,"23.6783122, 120.3918212",(05)6627926,24H,7-ELEVEN 土庫中正門市，提供全天候補給、水廁與休憩服務。,"洗手間, 座位區, 精品咖啡, 行動電源","https://www.google.com/maps/search/?api=1&query=23.6783122,120.3918212",7-ELEVEN 土庫中正門市
711-YL-261555,7-ELEVEN,便利商店,7-ELEVEN 大屯門市,虎尾鎮,雲林縣虎尾鎮西屯里大屯349號,23.7022721,120.3876972,"23.7022721, 120.3876972",(05)6652107,24H,7-ELEVEN 大屯門市，提供全天候補給、水廁與休憩服務。,"洗手間, 座位區, 精品咖啡, 行動電源","https://www.google.com/maps/search/?api=1&query=23.7022721,120.3876972",7-ELEVEN 大屯門市
711-YL-209579,7-ELEVEN,便利商店,7-ELEVEN 大北勢門市,斗六市,雲林縣斗六市長平路7-32號,23.7036879,120.5061716,"23.7036879, 120.5061716",(05)5374177,24H,7-ELEVEN 大北勢門市，提供全天候補給、水廁與休憩服務。,"洗手間, 座位區, 精品咖啡, 行動電源","https://www.google.com/maps/search/?api=1&query=23.7036879,120.5061716",7-ELEVEN 大北勢門市
711-YL-932437,7-ELEVEN,便利商店,7-ELEVEN 大美門市,莿桐鄉,雲林縣莿桐鄉大美村大美53號1樓,23.7375603,120.515338,"23.7375603, 120.515338",(05)5843730,24H,7-ELEVEN 大美門市，提供全天候補給、水廁與休憩服務。,"洗手間, 座位區, 思樂冰, 精品咖啡, 行動電源","https://www.google.com/maps/search/?api=1&query=23.7375603,120.515338",7-ELEVEN大美門市
711-YL-277022,7-ELEVEN,便利商店,7-ELEVEN 大茄苳門市,西螺鎮,雲林縣西螺鎮大新210之3號1樓,23.7910367,120.4880231,"23.7910367, 120.4880231",(05)5875560,06:00 ~ 23:59,7-ELEVEN 大茄苳門市，提供全天候補給、水廁與休憩服務。,"座位區, 行動電源","https://www.google.com/maps/search/?api=1&query=23.7910367,120.4880231",7-ELEVEN 大茄苳門市
711-YL-153951,7-ELEVEN,便利商店,7-ELEVEN 大埤門市,大埤鄉,雲林縣大埤鄉南和村6鄰民生路32號,23.6445461,120.4282506,"23.6445461, 120.4282506",(05)5911189,24H,7-ELEVEN 大埤門市，提供全天候補給、水廁與休憩服務。,"洗手間, 座位區, Gogoro換電, 精品咖啡, 行動電源","https://www.google.com/maps/search/?api=1&query=23.6445461,120.4282506",7-ELEVEN 大埤門市
711-YL-200398,7-ELEVEN,便利商店,7-ELEVEN 大琬門市,大埤鄉,雲林縣大埤鄉中正路19號,23.6452038,120.4324544,"23.6452038, 120.4324544",(05)5917505,06:00 ~ 23:59,7-ELEVEN 大琬門市，提供全天候補給、水廁與休憩服務。,"洗手間, 座位區, 精品咖啡, 行動電源","https://www.google.com/maps/search/?api=1&query=23.6452038,120.4324544",7-ELEVEN 大琬門市
711-YL-231613,7-ELEVEN,便利商店,7-ELEVEN 小東里門市,斗南鎮,雲林縣斗南鎮小東里大同路573號,23.6897993,120.4687639,"23.6897993, 120.4687639",(05)5974065,24H,7-ELEVEN 小東里門市，提供全天候補給、水廁與休憩服務。,"洗手間, 座位區, 精品咖啡, 行動電源","https://www.google.com/maps/search/?api=1&query=23.6897993,120.4687639",7-ELEVEN 小東里門市
711-YL-920478,7-ELEVEN,便利商店,7-ELEVEN 山好門市,斗六市,雲林縣斗六市崙峰里仁義路52號1樓,23.6798161,120.538218,"23.6798161, 120.538218",(05)5223195,24H,7-ELEVEN 山好門市，提供全天候補給、水廁與休憩服務。,"洗手間, 座位區, 精品咖啡, 行動電源","https://www.google.com/maps/search/?api=1&query=23.6798161,120.538218",7-ELEVEN 山好門市
711-YL-199142,7-ELEVEN,便利商店,7-ELEVEN 工專門市,虎尾鎮,雲林縣虎尾鎮中正路307號,23.7046242,120.4299814,"23.7046242, 120.4299814",(05)6333495,24H,7-ELEVEN 工專門市，提供全天候補給、水廁與休憩服務。,"座位區, 精品咖啡, 行動電源","https://www.google.com/maps/search/?api=1&query=23.7046242,120.4299814",7-ELEVEN 工專門市
711-YL-258755,7-ELEVEN,便利商店,7-ELEVEN 五條港門市,臺西鄉,雲林縣台西鄉五港路503號,23.7174562,120.2026493,"23.7174562, 120.2026493",(05)6980428,24H,7-ELEVEN 五條港門市，提供全天候補給、水廁與休憩服務。,"洗手間, 座位區, 思樂冰, 精品咖啡, 行動電源","https://www.google.com/maps/search/?api=1&query=23.7174562,120.2026493",7-ELEVEN 五條港門市
711-YL-269102,7-ELEVEN,便利商店,7-ELEVEN 元西門市,元長鄉,雲林縣元長鄉元西路7-12號,23.6512211,120.3103663,"23.6512211, 120.3103663",(05)7889525,24H,7-ELEVEN 元西門市，提供全天候補給、水廁與休憩服務。,"洗手間, 座位區, 精品咖啡, 行動電源","https://www.google.com/maps/search/?api=1&query=23.6512211,120.3103663",7-ELEVEN 元西門市
711-YL-998116,7-ELEVEN,便利商店,7-ELEVEN 元東門市,元長鄉,雲林縣元長鄉下寮村東興路28號1樓,23.6186193,120.3343796,"23.6186193, 120.3343796",(05)7862645,24H,7-ELEVEN 元東門市，提供全天候補給、水廁與休憩服務。,"座位區, 精品咖啡, 行動電源","https://www.google.com/maps/search/?api=1&query=23.6186193,120.3343796",7-ELEVEN 元東門市
711-YL-263964,7-ELEVEN,便利商店,7-ELEVEN 元長門市,元長鄉,雲林縣元長鄉長南村7鄰中山路32號.32-2號1F,23.649679,120.3137647,"23.649679, 120.3137647",(05)7887853,24H,7-ELEVEN 元長門市，提供全天候補給、水廁與休憩服務。,"座位區, 精品咖啡, 行動電源","https://www.google.com/maps/search/?api=1&query=23.649679,120.3137647",7-ELEVEN 元長門市
711-YL-263953,7-ELEVEN,便利商店,7-ELEVEN 元祖門市,元長鄉,雲林縣元長鄉中山路4-100號,23.6458458,120.3130465,"23.6458458, 120.3130465",(05)7889259,06:00 ~ 23:59,7-ELEVEN 元祖門市，提供全天候補給、水廁與休憩服務。,"洗手間, 座位區, 思樂冰, 精品咖啡, 行動電源","https://www.google.com/maps/search/?api=1&query=23.6458458,120.3130465",7-ELEVEN 元祖門市
711-YL-896045,7-ELEVEN,便利商店,7-ELEVEN 斗六門市,斗六市,雲林縣斗六市大同路41號,23.7102782,120.5420572,"23.7102782, 120.5420572",(05)5347990,24H,7-ELEVEN 斗六門市，提供全天候補給、水廁與休憩服務。,"洗手間, 座位區, 思樂冰, 精品咖啡, 行動電源","https://www.google.com/maps/search/?api=1&query=23.7102782,120.5420572",7-ELEVEN 斗六門市
711-YL-265292,7-ELEVEN,便利商店,7-ELEVEN 斗六正心門市,斗六市,雲林縣斗六市西平路362號,23.7159464,120.5303424,"23.7159464, 120.5303424",(05)5514845,06:00 ~ 23:59,7-ELEVEN 斗六正心門市，提供全天候補給、水廁與休憩服務。,"洗手間, 座位區, Gogoro換電, 思樂冰, 霜淇淋, 精品咖啡, 行動電源","https://www.google.com/maps/search/?api=1&query=23.7159464,120.5303424",7-ELEVEN 正心門市
711-YL-273662,7-ELEVEN,便利商店,7-ELEVEN 斗高門市,斗南鎮,雲林縣斗南鎮小東里17鄰大業路86號,23.6935413,120.4769908,"23.6935413, 120.4769908",(05)5951305,24H,7-ELEVEN 斗高門市，提供全天候補給、水廁與休憩服務。,"洗手間, 座位區, 思樂冰, 精品咖啡, 行動電源","https://www.google.com/maps/search/?api=1&query=23.6935413,120.4769908",7-ELEVEN 斗高門市
711-YL-293297,7-ELEVEN,便利商店,7-ELEVEN 水林門市,水林鄉,雲林縣水林鄉水南村水林路157號159號,23.572348,120.2454591,"23.572348, 120.2454591",(05)7854085,24H,7-ELEVEN 水林門市，提供全天候補給、水廁與休憩服務。,"洗手間, 座位區, 精品咖啡, 行動電源","https://www.google.com/maps/search/?api=1&query=23.572348,120.2454591",7-ELEVEN 水林門市
711-YL-110600,7-ELEVEN,便利商店,7-ELEVEN 冬念門市,虎尾鎮,雲林縣虎尾鎮埒內里林森路一段9鄰39號,23.7194,120.4432239,"23.7194, 120.4432239",(05)6227318,06:00 ~ 23:59,7-ELEVEN 冬念門市，提供全天候補給、水廁與休憩服務。,"洗手間, 座位區, 精品咖啡, 行動電源","https://www.google.com/maps/search/?api=1&query=23.7194,120.4432239",7-ELEVEN 冬念門市
711-YL-283027,7-ELEVEN,便利商店,7-ELEVEN 冬美門市,虎尾鎮,雲林縣虎尾鎮民權路2-3號,23.7086253,120.4370923,"23.7086253, 120.4370923",(05)6321664,24H,7-ELEVEN 冬美門市，提供全天候補給、水廁與休憩服務。,"洗手間, 座位區, 精品咖啡, 行動電源","https://www.google.com/maps/search/?api=1&query=23.7086253,120.4370923",7-ELEVEN 冬美門市
711-YL-968115,7-ELEVEN,便利商店,7-ELEVEN 北英門市,北港鎮,雲林縣北港鎮華勝里華勝路212號,23.5777867,120.2983324,"23.5777867, 120.2983324",(05)7826147,24H,7-ELEVEN 北英門市，提供全天候補給、水廁與休憩服務。,"座位區, 霜淇淋, 精品咖啡, 行動電源","https://www.google.com/maps/search/?api=1&query=23.5777867,120.2983324",7-ELEVEN 北英門市
711-YL-850119,7-ELEVEN,便利商店,7-ELEVEN 北港門市,北港鎮,雲林縣北港鎮民主路106號,23.568823,120.301638,"23.568823, 120.301638",(05)7827717,24H,7-ELEVEN 北港門市，提供全天候補給、水廁與休憩服務。,"洗手間, 座位區, 思樂冰, 精品咖啡, 行動電源","https://www.google.com/maps/search/?api=1&query=23.568823,120.301638",7-ELEVEN 北港門市
711-YL-293079,7-ELEVEN,便利商店,7-ELEVEN 古坑水碓門市,古坑鄉,雲林縣古坑鄉水碓村水碓1之1號,23.6607576,120.5594943,"23.6607576, 120.5594943",(05)5828016,24H,7-ELEVEN 古坑水碓門市，提供全天候補給、水廁與休憩服務。,"洗手間, 座位區, 精品咖啡, 行動電源","https://www.google.com/maps/search/?api=1&query=23.6607576,120.5594943",7-ELEVEN 古坑水碓門市
711-YL-251868,7-ELEVEN,便利商店,7-ELEVEN 四湖門市,四湖鄉,雲林縣四湖鄉四湖村中山東路113號,23.6374352,120.2259039,"23.6374352, 120.2259039",(05)7875093,24H,7-ELEVEN 四湖門市，提供全天候補給、水廁與休憩服務。,"座位區, 精品咖啡, 行動電源","https://www.google.com/maps/search/?api=1&query=23.6374352,120.2259039",7-ELEVEN 四湖門市
711-YL-873400,7-ELEVEN,便利商店,7-ELEVEN 民樂門市,北港鎮,雲林縣北港鎮華勝里28鄰民樂路39號,23.5737068,120.2975564,"23.5737068, 120.2975564",(05)7838949,24H,7-ELEVEN 民樂門市，提供全天候補給、水廁與休憩服務。,"座位區, 精品咖啡, 行動電源","https://www.google.com/maps/search/?api=1&query=23.5737068,120.2975564",7-ELEVEN 民樂門市
711-YL-130202,7-ELEVEN,便利商店,7-ELEVEN 永昌門市,斗六市,雲林縣斗六市中山路269號,23.7028131,120.5388561,"23.7028131, 120.5388561",(05)5321369,24H,7-ELEVEN 永昌門市，提供全天候補給、水廁與休憩服務。,"洗手間, 座位區, 思樂冰, 霜淇淋, 精品咖啡, 行動電源","https://www.google.com/maps/search/?api=1&query=23.7028131,120.5388561",7-ELEVEN 永昌門市
711-YL-283739,7-ELEVEN,便利商店,7-ELEVEN 永欣門市,斗六市,雲林縣斗六市斗六三路6號,23.7176796,120.5391326,"23.7176796, 120.5391326",(05)5517759,06:00 ~ 23:59,7-ELEVEN 永欣門市，提供全天候補給、水廁與休憩服務。,"洗手間, 座位區, 思樂冰, 精品咖啡, 行動電源","https://www.google.com/maps/search/?api=1&query=23.7176796,120.5391326",7-ELEVEN永欣門市
711-YL-257154,7-ELEVEN,便利商店,7-ELEVEN 永建門市,斗六市,雲林縣斗六市建成路97號99號,23.7040282,120.5339488,"23.7040282, 120.5339488",(05)5362434,24H,7-ELEVEN 永建門市，提供全天候補給、水廁與休憩服務。,"洗手間, 座位區, 精品咖啡, 行動電源","https://www.google.com/maps/search/?api=1&query=23.7040282,120.5339488",7-ELEVEN 永建門市
711-YL-952349,7-ELEVEN,便利商店,7-ELEVEN 永茂門市,麥寮鄉,雲林縣麥寮鄉中興村豐安路951號1樓,23.7971644,120.2463108,"23.7971644, 120.2463108",(05)6910642,24H,7-ELEVEN 永茂門市，提供全天候補給、水廁與休憩服務。,"洗手間, 座位區, 精品咖啡, 行動電源","https://www.google.com/maps/search/?api=1&query=23.7971644,120.2463108",7-ELEVEN 永茂門市
711-YL-241850,7-ELEVEN,便利商店,7-ELEVEN 永晟門市,西螺鎮,雲林縣西螺鎮新安里新興路488號,23.7867352,120.4525345,"23.7867352, 120.4525345",(05)5878055,24H,7-ELEVEN 永晟門市，提供全天候補給、水廁與休憩服務。,"洗手間, 座位區, 思樂冰, 精品咖啡, 行動電源","https://www.google.com/maps/search/?api=1&query=23.7867352,120.4525345",7-11永晟門市
711-YL-200332,7-ELEVEN,便利商店,7-ELEVEN 永業門市,西螺鎮,雲林縣西螺鎮振興里振興215號,23.7844562,120.4739117,"23.7844562, 120.4739117",(05)5878095,06:00 ~ 23:59,7-ELEVEN 永業門市，提供全天候補給、水廁與休憩服務。,"洗手間, 座位區, 精品咖啡, 行動電源","https://www.google.com/maps/search/?api=1&query=23.7844562,120.4739117",7-ELEVEN 永業門市
711-YL-255480,7-ELEVEN,便利商店,7-ELEVEN 伊級門市,林內鄉,雲林縣林內鄉大同路20號,23.7430804,120.6050348,"23.7430804, 120.6050348",(05)5893565,24H,7-ELEVEN 伊級門市，提供全天候補給、水廁與休憩服務。,"洗手間, 座位區, 思樂冰, 霜淇淋, 精品咖啡, 行動電源","https://www.google.com/maps/search/?api=1&query=23.7430804,120.6050348",7-ELEVEN伊級門市
711-YL-920489,7-ELEVEN,便利商店,7-ELEVEN 好家庭門市,斗六市,雲林縣斗六市榴中里工業路69號,23.7197142,120.585088,"23.7197142, 120.585088",(05)5576530,24H,7-ELEVEN 好家庭門市，提供全天候補給、水廁與休憩服務。,"洗手間, 座位區, 精品咖啡, 行動電源","https://www.google.com/maps/search/?api=1&query=23.7197142,120.585088",7-ELEVEN 好家庭門市
711-YL-131858,7-ELEVEN,便利商店,7-ELEVEN 宇宸門市,虎尾鎮,雲林縣虎尾鎮清雲路770號,23.7395452,120.4259551,"23.7395452, 120.4259551",(05)6320634,24H,7-ELEVEN 宇宸門市，提供全天候補給、水廁與休憩服務。,"洗手間, 座位區, 思樂冰, 精品咖啡, 行動電源","https://www.google.com/maps/search/?api=1&query=23.7395452,120.4259551",7-ELEVEN 宇宸門市
711-YL-968665,7-ELEVEN,便利商店,7-ELEVEN 安榮門市,崙背鄉,雲林縣崙背鄉豐榮村1鄰豐榮32之3號,23.7926768,120.311685,"23.7926768, 120.311685",(05)6553792,24H,7-ELEVEN 安榮門市，提供全天候補給、水廁與休憩服務。,"洗手間, 座位區, 精品咖啡, 行動電源","https://www.google.com/maps/search/?api=1&query=23.7926768,120.311685",7-ELEVEN 安榮門市
711-YL-185475,7-ELEVEN,便利商店,7-ELEVEN 成苑門市,斗六市,雲林縣斗六市莊敬路345號,23.7031165,120.5464112,"23.7031165, 120.5464112",(05)5339622,24H,7-ELEVEN 成苑門市，提供全天候補給、水廁與休憩服務。,"洗手間, 座位區, 精品咖啡, 行動電源","https://www.google.com/maps/search/?api=1&query=23.7031165,120.5464112",7-ELEVEN 成苑門市
711-YL-267748,7-ELEVEN,便利商店,7-ELEVEN 西螺大同門市,西螺鎮,雲林縣西螺鎮大同路159號,23.8001021,120.4651039,"23.8001021, 120.4651039",(05)5879262,24H,7-ELEVEN 西螺大同門市，提供全天候補給、水廁與休憩服務。,"洗手間, 座位區, 精品咖啡, 行動電源","https://www.google.com/maps/search/?api=1&query=23.8001021,120.4651039",7-ELEVEN 西螺大同門市
711-YL-881386,7-ELEVEN,便利商店,7-ELEVEN 快來門市,麥寮鄉,雲林縣麥寮鄉橋頭村橋頭路234號,23.7969259,120.2739541,"23.7969259, 120.2739541",(05)6917456,24H,7-ELEVEN 快來門市，提供全天候補給、水廁與休憩服務。,"洗手間, 座位區, 思樂冰, 精品咖啡, 行動電源","https://www.google.com/maps/search/?api=1&query=23.7969259,120.2739541",7-ELEVEN 快來門市
711-YL-273248,7-ELEVEN,便利商店,7-ELEVEN 李斯特門市,虎尾鎮,雲林縣虎尾鎮興南里竹圍60號,23.6969079,120.4608165,"23.6969079, 120.4608165",(05)6320131,06:00 ~ 23:59,7-ELEVEN 李斯特門市，提供全天候補給、水廁與休憩服務。,"座位區, 精品咖啡, 行動電源","https://www.google.com/maps/search/?api=1&query=23.6969079,120.4608165",7-ELEVEN 李斯特門市
711-YL-950860,7-ELEVEN,便利商店,7-ELEVEN 育北門市,斗六市,雲林縣斗六市明德北路一段110號,23.7174892,120.5511253,"23.7174892, 120.5511253",(05)5331163,24H,7-ELEVEN 育北門市，提供全天候補給、水廁與休憩服務。,"洗手間, 座位區, 精品咖啡, 行動電源","https://www.google.com/maps/search/?api=1&query=23.7174892,120.5511253",7-ELEVEN 育北門市
711-YL-208554,7-ELEVEN,便利商店,7-ELEVEN 豆油門市,西螺鎮,雲林縣西螺鎮振興里振興55-3號,23.792163,120.4692346,"23.792163, 120.4692346",(05)5870525,24H,7-ELEVEN 豆油門市，提供全天候補給、水廁與休憩服務。,"洗手間, 座位區, 思樂冰, 精品咖啡, 行動電源","https://www.google.com/maps/search/?api=1&query=23.792163,120.4692346",7-ELEVEN 豆油門市
711-YL-943747,7-ELEVEN,便利商店,7-ELEVEN 和心門市,西螺鎮,雲林縣西螺鎮河南里埔心路113-3號,23.7981481,120.4422769,"23.7981481, 120.4422769",(05)5866552,24H,7-ELEVEN 和心門市，提供全天候補給、水廁與休憩服務。,"洗手間, 座位區, 精品咖啡, 行動電源","https://www.google.com/maps/search/?api=1&query=23.7981481,120.4422769",7-ELEVEN 和心門市
711-YL-280350,7-ELEVEN,便利商店,7-ELEVEN 坤麟門市,斗六市,雲林縣斗六市社口里大學路二段579號,23.6975543,120.5425124,"23.6975543, 120.5425124",(05)5339597,06:00 ~ 23:59,7-ELEVEN 坤麟門市，提供全天候補給、水廁與休憩服務。,"洗手間, 座位區, 精品咖啡, 行動電源","https://www.google.com/maps/search/?api=1&query=23.6975543,120.5425124",7-ELEVEN 坤麟門市
711-YL-182993,7-ELEVEN,便利商店,7-ELEVEN 宗聖門市,北港鎮,雲林縣北港鎮大同路511-1號,23.5742576,120.2929762,"23.5742576, 120.2929762",(05)7839703,24H,7-ELEVEN 宗聖門市，提供全天候補給、水廁與休憩服務。,"洗手間, 座位區, 思樂冰, 精品咖啡, 行動電源","https://www.google.com/maps/search/?api=1&query=23.5742576,120.2929762",7-ELEVEN 宗聖門市
711-YL-982650,7-ELEVEN,便利商店,7-ELEVEN 宜梧門市,口湖鄉,雲林縣口湖鄉梧南村光明路31號1樓,23.5460278,120.1912791,"23.5460278, 120.1912791",(05)7905080,24H,7-ELEVEN 宜梧門市，提供全天候補給、水廁與休憩服務。,"洗手間, 座位區, 精品咖啡, 行動電源","https://www.google.com/maps/search/?api=1&query=23.5460278,120.1912791",7-ELEVEN 宜梧門市
711-YL-238544,7-ELEVEN,便利商店,7-ELEVEN 昕美門市,斗六市,雲林縣斗六市民生路170號,23.7117748,120.5423267,"23.7117748, 120.5423267",(05)5334310,24H,7-ELEVEN 昕美門市，提供全天候補給、水廁與休憩服務。,"座位區, 精品咖啡, 行動電源","https://www.google.com/maps/search/?api=1&query=23.7117748,120.5423267",7-ELEVEN 昕美門市
711-YL-255273,7-ELEVEN,便利商店,7-ELEVEN 東禾門市,古坑鄉,雲林縣古坑鄉東和村文化路145號,23.6851336,120.5672809,"23.6851336, 120.5672809",(05)5266956,24H,7-ELEVEN 東禾門市，提供全天候補給、水廁與休憩服務。,"洗手間, 座位區, 精品咖啡, 行動電源","https://www.google.com/maps/search/?api=1&query=23.6851336,120.5672809",7-Eleven 東禾門市
711-YL-113296,7-ELEVEN,便利商店,7-ELEVEN 東宇門市,斗六市,雲林縣斗六市文化路538號540號1樓,23.7128358,120.5576867,"23.7128358, 120.5576867",(05)5343868,24H,7-ELEVEN 東宇門市，提供全天候補給、水廁與休憩服務。,"洗手間, 座位區, 精品咖啡, 行動電源","https://www.google.com/maps/search/?api=1&query=23.7128358,120.5576867",7-ELEVEN 東宇門市
711-YL-260541,7-ELEVEN,便利商店,7-ELEVEN 東南門市,西螺鎮,雲林縣西螺鎮東南路277號1樓,23.8020065,120.449468,"23.8020065, 120.449468",(05)5876546,06:00 ~ 23:59,7-ELEVEN 東南門市，提供全天候補給、水廁與休憩服務。,"座位區, 精品咖啡, 行動電源","https://www.google.com/maps/search/?api=1&query=23.8020065,120.449468",7-ELEVEN 東南門市
711-YL-174246,7-ELEVEN,便利商店,7-ELEVEN 東尊門市,虎尾鎮,雲林縣虎尾鎮惠來里142-3號,23.7284099,120.4887209,"23.7284099, 120.4887209",(05)6226384,24H,7-ELEVEN 東尊門市，提供全天候補給、水廁與休憩服務。,"洗手間, 座位區, 精品咖啡, 行動電源","https://www.google.com/maps/search/?api=1&query=23.7284099,120.4887209",7-ELEVEN 東尊門市
711-YL-260194,7-ELEVEN,便利商店,7-ELEVEN 東億門市,虎尾鎮,雲林縣虎尾鎮光復路2號,23.7053175,120.4544308,"23.7053175, 120.4544308",(05)6324884,24H,7-ELEVEN 東億門市，提供全天候補給、水廁與休憩服務。,"洗手間, 座位區, 精品咖啡, 行動電源","https://www.google.com/maps/search/?api=1&query=23.7053175,120.4544308",7-ELEVEN 東億門市
711-YL-259644,7-ELEVEN,便利商店,7-ELEVEN 林厝門市,四湖鄉,雲林縣四湖鄉文化路55號,23.6713748,120.1777127,"23.6713748, 120.1777127",(05)7721008,24H,7-ELEVEN 林厝門市，提供全天候補給、水廁與休憩服務。,"洗手間, 行動電源","https://www.google.com/maps/search/?api=1&query=23.6713748,120.1777127",7-ELEVEN 林厝門市
711-YL-128254,7-ELEVEN,便利商店,7-ELEVEN 欣怡門市,斗南鎮,雲林縣斗南鎮南昌里中山路79號,23.675408,120.4790436,"23.675408, 120.4790436",(05)5960866,24H,7-ELEVEN 欣怡門市，提供全天候補給、水廁與休憩服務。,"座位區, 精品咖啡, 行動電源","https://www.google.com/maps/search/?api=1&query=23.675408,120.4790436",7-ELEVEN 欣怡門市
711-YL-185486,7-ELEVEN,便利商店,7-ELEVEN 欣苑門市,斗六市,雲林縣斗六市莊敬路345號1樓,23.7031165,120.5464112,"23.7031165, 120.5464112",(05)5330314,07:00 ~ 21:00,7-ELEVEN 欣苑門市，提供全天候補給、水廁與休憩服務。,"座位區, 精品咖啡, 行動電源","https://www.google.com/maps/search/?api=1&query=23.7031165,120.5464112",7-ELEVEN 成苑門市
711-YL-110297,7-ELEVEN,便利商店,7-ELEVEN 油車門市,二崙鄉,雲林縣二崙鄉油車村文化路9號1樓,23.7949534,120.3902496,"23.7949534, 120.3902496",(05)5981135,24H,7-ELEVEN 油車門市，提供全天候補給、水廁與休憩服務。,"洗手間, 座位區, 思樂冰, 精品咖啡, 行動電源","https://www.google.com/maps/search/?api=1&query=23.7949534,120.3902496",7-ELEVEN 油車門市
711-YL-953445,7-ELEVEN,便利商店,7-ELEVEN 虎大門市,虎尾鎮,雲林縣虎尾鎮工專路156號,23.7030625,120.4250464,"23.7030625, 120.4250464",(05)6364442,24H,7-ELEVEN 虎大門市，提供全天候補給、水廁與休憩服務。,"洗手間, 座位區, 思樂冰, 精品咖啡, 行動電源","https://www.google.com/maps/search/?api=1&query=23.7030625,120.4250464",7-ELEVEN 虎大門市
711-YL-234863,7-ELEVEN,便利商店,7-ELEVEN 虎尾永聖門市,虎尾鎮,雲林縣虎尾鎮廉使里永興南七路79號,23.7261548,120.4198571,"23.7261548, 120.4198571",(05)6322725,24H,7-ELEVEN 虎尾永聖門市，提供全天候補給、水廁與休憩服務。,"洗手間, 座位區, 思樂冰, 精品咖啡, 行動電源","https://www.google.com/maps/search/?api=1&query=23.7261548,120.4198571",7-ELEVEN 虎尾永聖門市
711-YL-184380,7-ELEVEN,便利商店,7-ELEVEN 虎欣門市,虎尾鎮,雲林縣虎尾鎮林森路一段287.289.293號,23.7132387,120.4375663,"23.7132387, 120.4375663",(05)6323746,24H,7-ELEVEN 虎欣門市，提供全天候補給、水廁與休憩服務。,"洗手間, 座位區, 精品咖啡, 行動電源","https://www.google.com/maps/search/?api=1&query=23.7132387,120.4375663",7-ELEVEN 虎欣門市
711-YL-110839,7-ELEVEN,便利商店,7-ELEVEN 虎威門市,虎尾鎮,雲林縣虎尾鎮光復路122號1樓及成和街2號1樓,23.7094415,120.4468046,"23.7094415, 120.4468046",(05)6326392,24H,7-ELEVEN 虎威門市，提供全天候補給、水廁與休憩服務。,"座位區, 思樂冰, 精品咖啡, 行動電源","https://www.google.com/maps/search/?api=1&query=23.7094415,120.4468046",7-ELEVEN 虎威門市
711-YL-196383,7-ELEVEN,便利商店,7-ELEVEN 虎真門市,虎尾鎮,雲林縣虎尾鎮穎川里頂南398號,23.692184,120.4174294,"23.692184, 120.4174294",(05)6312626,24H,7-ELEVEN 虎真門市，提供全天候補給、水廁與休憩服務。,"洗手間, 座位區, 精品咖啡, 行動電源","https://www.google.com/maps/search/?api=1&query=23.692184,120.4174294",7-ELEVEN 虎真門市
711-YL-261544,7-ELEVEN,便利商店,7-ELEVEN 虎高門市,虎尾鎮,雲林縣虎尾鎮延平里3鄰中南34之26號,23.6812975,120.405803,"23.6812975, 120.405803",(05)6629672,24H,7-ELEVEN 虎高門市，提供全天候補給、水廁與休憩服務。,"洗手間, 座位區, 思樂冰, 精品咖啡, 行動電源","https://www.google.com/maps/search/?api=1&query=23.6812975,120.405803",7-ELEVEN 虎高門市
711-YL-210133,7-ELEVEN,便利商店,7-ELEVEN 虎爺門市,虎尾鎮,雲林縣虎尾鎮學府路39號,23.7355995,120.4280781,"23.7355995, 120.4280781",(05)6325991,06:00 ~ 23:59,7-ELEVEN 虎爺門市，提供全天候補給、水廁與休憩服務。,"洗手間, 座位區, 精品咖啡, 行動電源","https://www.google.com/maps/search/?api=1&query=23.7355995,120.4280781",7-ELEVEn 虎爺門市
711-YL-258191,7-ELEVEN,便利商店,7-ELEVEN 虎興北門市,虎尾鎮,雲林縣虎尾鎮永興北三路125號,23.7427074,120.4218652,"23.7427074, 120.4218652",(05)6327478,24H,7-ELEVEN 虎興北門市，提供全天候補給、水廁與休憩服務。,"洗手間, 座位區, 精品咖啡, 行動電源","https://www.google.com/maps/search/?api=1&query=23.7427074,120.4218652",7-ELEVEN 虎興北門市
711-YL-243454,7-ELEVEN,便利商店,7-ELEVEN 金湖村門市,口湖鄉,雲林縣口湖鄉中正路32.34號1樓,23.5752041,120.1493661,"23.5752041, 120.1493661",(05)7970271,24H,7-ELEVEN 金湖村門市，提供全天候補給、水廁與休憩服務。,"精品咖啡, 行動電源","https://www.google.com/maps/search/?api=1&query=23.5752041,120.1493661",7-ELEVEN 金湖村門市
711-YL-870870,7-ELEVEN,便利商店,7-ELEVEN 長旺門市,東勢鄉,雲林縣東勢鄉東勢東路84號,23.6748987,120.254883,"23.6748987, 120.254883",(05)6993428,24H,7-ELEVEN 長旺門市，提供全天候補給、水廁與休憩服務。,"洗手間, 座位區, 精品咖啡, 行動電源","https://www.google.com/maps/search/?api=1&query=23.6748987,120.254883",7-ELEVEN 長旺門市
711-YL-153766,7-ELEVEN,便利商店,7-ELEVEN 保庄門市,斗六市,雲林縣斗六市明德北路三段285號,23.7090668,120.5305407,"23.7090668, 120.5305407",(05)5372683,24H,7-ELEVEN 保庄門市，提供全天候補給、水廁與休憩服務。,"洗手間, 座位區, 思樂冰, 精品咖啡, 行動電源","https://www.google.com/maps/search/?api=1&query=23.7090668,120.5305407",7-ELEVEN 保庄門市
711-YL-253912,7-ELEVEN,便利商店,7-ELEVEN 保長門市,斗六市,雲林縣斗六市雲林路二段76號1樓,23.7053888,120.5344855,"23.7053888, 120.5344855",(05)5360729,24H,7-ELEVEN 保長門市，提供全天候補給、水廁與休憩服務。,"洗手間, 座位區, 霜淇淋, 精品咖啡, 行動電源","https://www.google.com/maps/search/?api=1&query=23.7053888,120.5344855",7-ELEVEN 保長門市
711-YL-284466,7-ELEVEN,便利商店,7-ELEVEN 奕維門市,斗南鎮,雲林縣斗南鎮興國路35.37號1樓,23.6681895,120.4803191,"23.6681895, 120.4803191",(05)5968903,06:00 ~ 23:59,7-ELEVEN 奕維門市，提供全天候補給、水廁與休憩服務。,"座位區, 精品咖啡, 行動電源","https://www.google.com/maps/search/?api=1&query=23.6681895,120.4803191",7-ELEVEN 奕維門市
711-YL-971568,7-ELEVEN,便利商店,7-ELEVEN 後安門市,麥寮鄉,雲林縣麥寮鄉後安村後安路201之13號,23.7877716,120.2357064,"23.7877716, 120.2357064",(05)6930182,24H,7-ELEVEN 後安門市，提供全天候補給、水廁與休憩服務。,"洗手間, 座位區, 精品咖啡, 行動電源","https://www.google.com/maps/search/?api=1&query=23.7877716,120.2357064",7-ELEVEN 後安門市
711-YL-922027,7-ELEVEN,便利商店,7-ELEVEN 春流門市,斗六市,雲林縣斗六市梅林里梅林路446號1樓,23.7031074,120.5968185,"23.7031074, 120.5968185",(05)5575671,24H,7-ELEVEN 春流門市，提供全天候補給、水廁與休憩服務。,"洗手間, 座位區, 思樂冰, 精品咖啡, 行動電源","https://www.google.com/maps/search/?api=1&query=23.7031074,120.5968185",7-ELEVEN 春流門市
711-YL-250810,7-ELEVEN,便利商店,7-ELEVEN 星月門市,口湖鄉,雲林縣口湖鄉福安路26-3號,23.6186343,120.1620684,"23.6186343, 120.1620684",(05)7990065,24H,7-ELEVEN 星月門市，提供全天候補給、水廁與休憩服務。,"座位區, 精品咖啡, 行動電源","https://www.google.com/maps/search/?api=1&query=23.6186343,120.1620684",7-ELEVEN 星月門市
711-YL-968816,7-ELEVEN,便利商店,7-ELEVEN 星光門市,西螺鎮,雲林縣西螺鎮公正路15號,23.7941984,120.4629713,"23.7941984, 120.4629713",(05)5867224,24H,7-ELEVEN 星光門市，提供全天候補給、水廁與休憩服務。,"洗手間, 座位區, Gogoro換電, 精品咖啡, 行動電源","https://www.google.com/maps/search/?api=1&query=23.7941984,120.4629713",7-ELEVEN 星光門市
711-YL-234092,7-ELEVEN,便利商店,7-ELEVEN 星旺門市,水林鄉,雲林縣水林鄉土厝村王厝寮3-6號,23.5699619,120.2600592,"23.5699619, 120.2600592",(05)7852280,06:00 ~ 23:59,7-ELEVEN 星旺門市，提供全天候補給、水廁與休憩服務。,"洗手間, 座位區, 行動電源","https://www.google.com/maps/search/?api=1&query=23.5699619,120.2600592",7-ELEVEN 星旺門市
711-YL-238049,7-ELEVEN,便利商店,7-ELEVEN 星鑫門市,口湖鄉,雲林縣口湖鄉崙東村中山路96-6號,23.6185734,120.1653296,"23.6185734, 120.1653296",(05)7993396,06:00 ~ 23:59,7-ELEVEN 星鑫門市，提供全天候補給、水廁與休憩服務。,"洗手間, 座位區, 行動電源","https://www.google.com/maps/search/?api=1&query=23.6185734,120.1653296",7-ELEVEN 星鑫門市
711-YL-259585,7-ELEVEN,便利商店,7-ELEVEN 科村門市,斗六市,雲林縣斗六市科邨一路236號,23.7392372,120.5350119,"23.7392372, 120.5350119",(05)5517270,24H,7-ELEVEN 科村門市，提供全天候補給、水廁與休憩服務。,"洗手間, 座位區, 精品咖啡, 行動電源","https://www.google.com/maps/search/?api=1&query=23.7392372,120.5350119",7-ELEVEN 科村門市
711-YL-112558,7-ELEVEN,便利商店,7-ELEVEN 夏恩門市,虎尾鎮,雲林縣虎尾鎮立仁里復興路137號,23.7077315,120.4286586,"23.7077315, 120.4286586",(05)6330135,24H,7-ELEVEN 夏恩門市，提供全天候補給、水廁與休憩服務。,"洗手間, 座位區, 霜淇淋, 精品咖啡, 行動電源","https://www.google.com/maps/search/?api=1&query=23.7077315,120.4286586",7-ELEVEN 夏恩門市
711-YL-210177,7-ELEVEN,便利商店,7-ELEVEN 庫中門市,土庫鎮,雲林縣土庫鎮復興路92號,23.6824478,120.390168,"23.6824478, 120.390168",(05)6620050,24H,7-ELEVEN 庫中門市，提供全天候補給、水廁與休憩服務。,"洗手間, 座位區, 思樂冰, 霜淇淋, 精品咖啡, 行動電源","https://www.google.com/maps/search/?api=1&query=23.6824478,120.390168",7-ELEVEN 庫中門市
711-YL-260091,7-ELEVEN,便利商店,7-ELEVEN 庫高門市,土庫鎮,雲林縣土庫鎮建國路33-1號,23.6793591,120.397837,"23.6793591, 120.397837",(05)6626447,24H,7-ELEVEN 庫高門市，提供全天候補給、水廁與休憩服務。,"洗手間, 座位區, 思樂冰, 霜淇淋, 精品咖啡, 行動電源","https://www.google.com/maps/search/?api=1&query=23.6793591,120.397837",7-ELEVEN 庫高門市
711-YL-128634,7-ELEVEN,便利商店,7-ELEVEN 真嘉門市,斗南鎮,雲林縣斗南鎮南昌西路1號,23.6724838,120.4759428,"23.6724838, 120.4759428",(05)5974106,24H,7-ELEVEN 真嘉門市，提供全天候補給、水廁與休憩服務。,"洗手間, 座位區, Gogoro換電, 思樂冰, 精品咖啡, 行動電源","https://www.google.com/maps/search/?api=1&query=23.6724838,120.4759428",7-ELEVEN 真嘉門市
711-YL-901684,7-ELEVEN,便利商店,7-ELEVEN 馬光門市,土庫鎮,雲林縣土庫鎮南平里馬光路69號,23.7055163,120.3566196,"23.7055163, 120.3566196",(05)6656300,24H,7-ELEVEN 馬光門市，提供全天候補給、水廁與休憩服務。,"洗手間, 座位區, 精品咖啡, 行動電源","https://www.google.com/maps/search/?api=1&query=23.7055163,120.3566196",7-ELEVEN 馬光門市
711-YL-242613,7-ELEVEN,便利商店,7-ELEVEN 高南門市,虎尾鎮,雲林縣虎尾鎮科園路180號,23.7268733,120.4093801,"23.7268733, 120.4093801",(05)6320068,24H,7-ELEVEN 高南門市，提供全天候補給、水廁與休憩服務。,"洗手間, 座位區, 精品咖啡, 行動電源","https://www.google.com/maps/search/?api=1&query=23.7268733,120.4093801",7-ELEVEn 高南門市
711-YL-114808,7-ELEVEN,便利商店,7-ELEVEN 晟安門市,莿桐鄉,雲林縣莿桐鄉饒平村饒平路2之2號,23.77708,120.5217174,"23.77708, 120.5217174",(05)5712839,24H,7-ELEVEN 晟安門市，提供全天候補給、水廁與休憩服務。,"洗手間, 座位區, 精品咖啡, 行動電源","https://www.google.com/maps/search/?api=1&query=23.77708,120.5217174",7-ELEVEN 晟安門市
711-YL-227946,7-ELEVEN,便利商店,7-ELEVEN 晟家門市,斗六市,雲林縣斗六市長安西路1之5號,23.7333704,120.5336847,"23.7333704, 120.5336847",(05)5517906,24H,7-ELEVEN 晟家門市，提供全天候補給、水廁與休憩服務。,"洗手間, 座位區, 精品咖啡, 行動電源","https://www.google.com/maps/search/?api=1&query=23.7333704,120.5336847",7-Eleven 晟家門市
711-YL-121828,7-ELEVEN,便利商店,7-ELEVEN 晟泰門市,虎尾鎮,雲林縣虎尾鎮光復路521號,23.7119053,120.4322238,"23.7119053, 120.4322238",(05)6365446,24H,7-ELEVEN 晟泰門市，提供全天候補給、水廁與休憩服務。,"座位區, 精品咖啡, 行動電源","https://www.google.com/maps/search/?api=1&query=23.7119053,120.4322238",7-ELEVEN 晟泰門市
711-YL-971096,7-ELEVEN,便利商店,7-ELEVEN 晟業門市,斗六市,雲林縣斗六市萬年路592號,23.7310178,120.5524699,"23.7310178, 120.5524699",(05)5518278,24H,7-ELEVEN 晟業門市，提供全天候補給、水廁與休憩服務。,"洗手間, 座位區, 精品咖啡, 行動電源","https://www.google.com/maps/search/?api=1&query=23.7310178,120.5524699",7-ELEVEN 晟業門市
711-YL-234254,7-ELEVEN,便利商店,7-ELEVEN 晟樂門市,斗南鎮,雲林縣斗南鎮延平路一段261號,23.6893477,120.4803818,"23.6893477, 120.4803818",(05)5964531,24H,7-ELEVEN 晟樂門市，提供全天候補給、水廁與休憩服務。,"洗手間, 座位區, 精品咖啡, 行動電源","https://www.google.com/maps/search/?api=1&query=23.6893477,120.4803818",7-ELEVEN 晟樂門市
711-YL-972505,7-ELEVEN,便利商店,7-ELEVEN 崙中門市,崙背鄉,雲林縣崙背鄉南陽村中山路489號,23.7613917,120.3481767,"23.7613917, 120.3481767",(05)6961671,24H,7-ELEVEN 崙中門市，提供全天候補給、水廁與休憩服務。,"洗手間, 座位區, 思樂冰, 霜淇淋, 精品咖啡, 行動電源","https://www.google.com/maps/search/?api=1&query=23.7613917,120.3481767",7-ELEVEN 崙中門市
711-YL-952545,7-ELEVEN,便利商店,7-ELEVEN 崙多門市,崙背鄉,雲林縣崙背鄉東明村正義路194號,23.761304,120.3568838,"23.761304, 120.3568838",(05)6963416,24H,7-ELEVEN 崙多門市，提供全天候補給、水廁與休憩服務。,"洗手間, 座位區, 精品咖啡, 行動電源","https://www.google.com/maps/search/?api=1&query=23.761304,120.3568838",7-ELEVEN 崙多門市
711-YL-871839,7-ELEVEN,便利商店,7-ELEVEN 崙背門市,崙背鄉,雲林縣崙背鄉南光路3號,23.7593443,120.3533564,"23.7593443, 120.3533564",(05)6960475,24H,7-ELEVEN 崙背門市，提供全天候補給、水廁與休憩服務。,"洗手間, 座位區, 精品咖啡, 行動電源","https://www.google.com/maps/search/?api=1&query=23.7593443,120.3533564",7-ELEVEN 崙背門市
711-YL-259068,7-ELEVEN,便利商店,7-ELEVEN 崙峰門市,斗六市,雲林縣斗六市仁義路37號,23.682491,120.5390163,"23.682491, 120.5390163",(05)5221971,24H,7-ELEVEN 崙峰門市，提供全天候補給、水廁與休憩服務。,"洗手間, 座位區, 精品咖啡","https://www.google.com/maps/search/?api=1&query=23.682491,120.5390163",7-ELEVEN 崙峰門市
711-YL-257969,7-ELEVEN,便利商店,7-ELEVEN 御豪門市,虎尾鎮,雲林縣虎尾鎮新生路146號,23.7070289,120.4351636,"23.7070289, 120.4351636",(05)6320972,24H,7-ELEVEN 御豪門市，提供全天候補給、水廁與休憩服務。,"座位區, 精品咖啡, 行動電源","https://www.google.com/maps/search/?api=1&query=23.7070289,120.4351636",7-ELEVEn 御豪門市
711-YL-194907,7-ELEVEN,便利商店,7-ELEVEN 頂豐門市,斗六市,雲林縣斗六市榴南里斗工十路62號,23.7134262,120.5897027,"23.7134262, 120.5897027",(05)5571941,24H,7-ELEVEN 頂豐門市，提供全天候補給、水廁與休憩服務。,"洗手間, 座位區, 精品咖啡, 行動電源","https://www.google.com/maps/search/?api=1&query=23.7134262,120.5897027",7-ELEVEN 頂豐門市
711-YL-207562,7-ELEVEN,便利商店,7-ELEVEN 麥中門市,麥寮鄉,雲林縣麥寮鄉麥豐村中山路437巷1號,23.750532,120.2462583,"23.750532, 120.2462583",(05)6939753,24H,7-ELEVEN 麥中門市，提供全天候補給、水廁與休憩服務。,"洗手間, 座位區, 思樂冰, 霜淇淋, 精品咖啡, 行動電源","https://www.google.com/maps/search/?api=1&query=23.750532,120.2462583",7-ELEVEN 麥中門市
711-YL-951922,7-ELEVEN,便利商店,7-ELEVEN 麥鄉門市,麥寮鄉,雲林縣麥寮鄉中興路78-3號,23.7527713,120.2521778,"23.7527713, 120.2521778",(05)6937775,24H,7-ELEVEN 麥鄉門市，提供全天候補給、水廁與休憩服務。,"洗手間, 座位區, 思樂冰, 精品咖啡, 行動電源","https://www.google.com/maps/search/?api=1&query=23.7527713,120.2521778",7-ELEVEN 麥鄉門市
711-YL-273396,7-ELEVEN,便利商店,7-ELEVEN 麥福門市,麥寮鄉,雲林縣麥寮鄉台塑工業園區1號,23.8025534,120.2213631,"23.8025534, 120.2213631",(05)6812960,06:30 ~ 22:00,7-ELEVEN 麥福門市，提供全天候補給、水廁與休憩服務。,行動電源,"https://www.google.com/maps/search/?api=1&query=23.8025534,120.2213631",7-11麥福門市
711-YL-863551,7-ELEVEN,便利商店,7-ELEVEN 麥寮門市,麥寮鄉,雲林縣麥寮鄉麥津村中山路196號,23.7486617,120.2564188,"23.7486617, 120.2564188",(05)6934538,24H,7-ELEVEN 麥寮門市，提供全天候補給、水廁與休憩服務。,"洗手間, 座位區, 精品咖啡, 行動電源","https://www.google.com/maps/search/?api=1&query=23.7486617,120.2564188",7-ELEVEN 麥寮門市
711-YL-969060,7-ELEVEN,便利商店,7-ELEVEN 麥豐門市,麥寮鄉,雲林縣麥寮鄉新興路27之5號,23.7468276,120.2518543,"23.7468276, 120.2518543",(05)6938623,24H,7-ELEVEN 麥豐門市，提供全天候補給、水廁與休憩服務。,"洗手間, 座位區, 思樂冰, 精品咖啡, 行動電源","https://www.google.com/maps/search/?api=1&query=23.7468276,120.2518543",7-ELEVEN 麥豐門市
711-YL-990466,7-ELEVEN,便利商店,7-ELEVEN 凱瑄門市,斗南鎮,雲林縣斗南鎮西岐里大同路135號1樓,23.6793258,120.4745735,"23.6793258, 120.4745735",(05)5962353,24H,7-ELEVEN 凱瑄門市，提供全天候補給、水廁與休憩服務。,"洗手間, 座位區, Gogoro換電, 精品咖啡, 行動電源","https://www.google.com/maps/search/?api=1&query=23.6793258,120.4745735",7-ELEVEN 凱瑄店
711-YL-110611,7-ELEVEN,便利商店,7-ELEVEN 富來門市,西螺鎮,雲林縣西螺鎮新豐里13鄰新社320-8號,23.7861845,120.4470535,"23.7861845, 120.4470535",(05)5874084,24H,7-ELEVEN 富來門市，提供全天候補給、水廁與休憩服務。,"洗手間, 座位區, 精品咖啡, 行動電源","https://www.google.com/maps/search/?api=1&query=23.7861845,120.4470535",7-ELEVEN 富來門市
711-YL-958635,7-ELEVEN,便利商店,7-ELEVEN 富登門市,麥寮鄉,雲林縣麥寮鄉仁德東路577號1樓,23.7955102,120.2800787,"23.7955102, 120.2800787",(05)6914014,24H,7-ELEVEN 富登門市，提供全天候補給、水廁與休憩服務。,"洗手間, 座位區, 思樂冰, 精品咖啡, 行動電源","https://www.google.com/maps/search/?api=1&query=23.7955102,120.2800787",7-ELEVEN 富登門市
711-YL-830698,7-ELEVEN,便利商店,7-ELEVEN 富盟門市,斗六市,雲林縣斗六市文化路304號306號,23.7114607,120.5524985,"23.7114607, 120.5524985",(05)5336375,24H,7-ELEVEN 富盟門市，提供全天候補給、水廁與休憩服務。,"座位區, 思樂冰, 精品咖啡, 行動電源","https://www.google.com/maps/search/?api=1&query=23.7114607,120.5524985",7-ELEVEN 富盟門市
711-YL-963062,7-ELEVEN,便利商店,7-ELEVEN 景雄門市,斗六市,雲林縣斗六市虎溪里西平路521號,23.7215961,120.5257611,"23.7215961, 120.5257611",(05)5514863,24H,7-ELEVEN 景雄門市，提供全天候補給、水廁與休憩服務。,"洗手間, 座位區, 精品咖啡, 行動電源","https://www.google.com/maps/search/?api=1&query=23.7215961,120.5257611",7-ELEVEN 景雄門市
711-YL-189226,7-ELEVEN,便利商店,7-ELEVEN 朝天宮門市,北港鎮,雲林縣北港鎮東華里中山路150號,23.5672096,120.3046405,"23.5672096, 120.3046405",(05)7824873,24H,7-ELEVEN 朝天宮門市，提供全天候補給、水廁與休憩服務。,"座位區, 精品咖啡, 行動電源","https://www.google.com/maps/search/?api=1&query=23.5672096,120.3046405",7-ELEVEN 朝天宮門市
711-YL-208886,7-ELEVEN,便利商店,7-ELEVEN 湖東門市,口湖鄉,雲林縣口湖鄉中正路一段136號,23.5828714,120.1847732,"23.5828714, 120.1847732",(05)7894628,06:00 ~ 23:59,7-ELEVEN 湖東門市，提供全天候補給、水廁與休憩服務。,"洗手間, 座位區, 精品咖啡, 行動電源","https://www.google.com/maps/search/?api=1&query=23.5828714,120.1847732",7-ELEVEN 湖東門市
711-YL-943367,7-ELEVEN,便利商店,7-ELEVEN 雲南門市,斗南鎮,雲林縣斗南鎮中興路160號,23.6778841,120.4690622,"23.6778841, 120.4690622",(05)5970835,24H,7-ELEVEN 雲南門市，提供全天候補給、水廁與休憩服務。,"洗手間, 座位區, 思樂冰, 精品咖啡, 行動電源","https://www.google.com/maps/search/?api=1&query=23.6778841,120.4690622",7-ELEVEN 雲南門市
711-YL-199337,7-ELEVEN,便利商店,7-ELEVEN 雲桐門市,莿桐鄉,雲林縣莿桐鄉莿桐村中山路70號72號1樓,23.7565063,120.499797,"23.7565063, 120.499797",(05)5850490,24H,7-ELEVEN 雲桐門市，提供全天候補給、水廁與休憩服務。,"洗手間, 座位區, 精品咖啡, 行動電源","https://www.google.com/maps/search/?api=1&query=23.7565063,120.499797",7-ELEVEN 雲桐門市
711-YL-170716,7-ELEVEN,便利商店,7-ELEVEN 雲龍門市,斗六市,雲林縣斗六市龍潭路14-1號,23.692121,120.529343,"23.692121, 120.529343",(05)5377613,24H,7-ELEVEN 雲龍門市，提供全天候補給、水廁與休憩服務。,"洗手間, 座位區, 精品咖啡, 行動電源","https://www.google.com/maps/search/?api=1&query=23.692121,120.529343",7-ELEVEN 雲龍門市
711-YL-197571,7-ELEVEN,便利商店,7-ELEVEN 雲醫門市,斗六市,雲林縣斗六市雲林路二段627號,23.6985459,120.5250676,"23.6985459, 120.5250676",(05)5337452,06:00 ~ 23:59,7-ELEVEN 雲醫門市，提供全天候補給、水廁與休憩服務。,"洗手間, 座位區, 精品咖啡, 行動電源","https://www.google.com/maps/search/?api=1&query=23.6985459,120.5250676",7-ELEVEN 雲醫門市
711-YL-252137,7-ELEVEN,便利商店,7-ELEVEN 圓真門市,虎尾鎮,雲林縣虎尾鎮信義路52號及三民路93號,23.711171,120.4377062,"23.711171, 120.4377062",(05)6327941,24H,7-ELEVEN 圓真門市，提供全天候補給、水廁與休憩服務。,"洗手間, 座位區, 精品咖啡, 行動電源","https://www.google.com/maps/search/?api=1&query=23.711171,120.4377062",7-ELEVEN圓真門市
711-YL-954297,7-ELEVEN,便利商店,7-ELEVEN 新古坑門市,古坑鄉,雲林縣古坑鄉中山路201號,23.646293,120.561558,"23.646293, 120.561558",(05)5827582,24H,7-ELEVEN 新古坑門市，提供全天候補給、水廁與休憩服務。,"洗手間, 座位區, 精品咖啡, 行動電源","https://www.google.com/maps/search/?api=1&query=23.646293,120.561558",7-ELEVEN 新古坑門市
711-YL-115878,7-ELEVEN,便利商店,7-ELEVEN 新台西門市,臺西鄉,雲林縣台西鄉海南村民族路16-7號1樓,23.6996,120.1985118,"23.6996, 120.1985118",(05)6982903,24H,7-ELEVEN 新台西門市，提供全天候補給、水廁與休憩服務。,"洗手間, 座位區, 精品咖啡, 行動電源","https://www.google.com/maps/search/?api=1&query=23.6996,120.1985118",7-ELEVEN 新台西門市
711-YL-249577,7-ELEVEN,便利商店,7-ELEVEN 新安慶門市,虎尾鎮,雲林縣虎尾鎮民主路52-1號,23.7025055,120.4323331,"23.7025055, 120.4323331",(05)6313445,06:00 ~ 23:59,7-ELEVEN 新安慶門市，提供全天候補給、水廁與休憩服務。,"座位區, 精品咖啡, 行動電源","https://www.google.com/maps/search/?api=1&query=23.7025055,120.4323331",7-ELEVEN 新安慶門市
711-YL-279383,7-ELEVEN,便利商店,7-ELEVEN 新東立門市,斗六市,雲林縣斗六市成功路286號288號290號,23.7048697,120.5514745,"23.7048697, 120.5514745",(05)5362367,24H,7-ELEVEN 新東立門市，提供全天候補給、水廁與休憩服務。,"洗手間, 座位區, 思樂冰, 精品咖啡, 行動電源","https://www.google.com/maps/search/?api=1&query=23.7048697,120.5514745",7-ELEVEN 新東立門市
711-YL-967525,7-ELEVEN,便利商店,7-ELEVEN 新林內門市,林內鄉,雲林縣林內鄉中正路373號375號,23.7555865,120.6133882,"23.7555865, 120.6133882",(05)5899113,24H,7-ELEVEN 新林內門市，提供全天候補給、水廁與休憩服務。,"洗手間, 座位區, 精品咖啡, 行動電源","https://www.google.com/maps/search/?api=1&query=23.7555865,120.6133882",7-ELEVEN 新林內門市
711-YL-261854,7-ELEVEN,便利商店,7-ELEVEN 新湖門市,虎尾鎮,雲林縣虎尾鎮林森路二段475號,23.6987417,120.4246727,"23.6987417, 120.4246727",(05)6321877,24H,7-ELEVEN 新湖門市，提供全天候補給、水廁與休憩服務。,"座位區, 行動電源","https://www.google.com/maps/search/?api=1&query=23.6987417,120.4246727",7-ELEVEN 新湖門市
711-YL-982432,7-ELEVEN,便利商店,7-ELEVEN 新莿桐門市,莿桐鄉,雲林縣莿桐鄉莿桐村中正路62-2號,23.7571109,120.5020912,"23.7571109, 120.5020912",(05)5841479,24H,7-ELEVEN 新莿桐門市，提供全天候補給、水廁與休憩服務。,"洗手間, 座位區, 思樂冰, 精品咖啡, 行動電源","https://www.google.com/maps/search/?api=1&query=23.7571109,120.5020912",7-ELEVEN 新莿桐門市
711-YL-233468,7-ELEVEN,便利商店,7-ELEVEN 新德門市,北港鎮,雲林縣北港鎮新德路78號,23.5861139,120.3030064,"23.5861139, 120.3030064",(05)7839841,24H,7-ELEVEN 新德門市，提供全天候補給、水廁與休憩服務。,"洗手間, 座位區, 思樂冰, 精品咖啡, 行動電源","https://www.google.com/maps/search/?api=1&query=23.5861139,120.3030064",7-ELEVEN新德門市
711-YL-257626,7-ELEVEN,便利商店,7-ELEVEN 義崙門市,二崙鄉,雲林縣二崙鄉中山路228號,23.7687699,120.4103246,"23.7687699, 120.4103246",(05)5980946,06:00 ~ 23:59,7-ELEVEN 義崙門市，提供全天候補給、水廁與休憩服務。,"洗手間, 座位區, 精品咖啡, 行動電源","https://www.google.com/maps/search/?api=1&query=23.7687699,120.4103246",7-ELEVEN 義崙門市
711-YL-277538,7-ELEVEN,便利商店,7-ELEVEN 聖淳門市,四湖鄉,雲林縣四湖鄉四湖村15鄰環湖東路1號,23.6342411,120.2256478,"23.6342411, 120.2256478",(05)7874536,24H,7-ELEVEN 聖淳門市，提供全天候補給、水廁與休憩服務。,"洗手間, 座位區, 精品咖啡, 行動電源","https://www.google.com/maps/search/?api=1&query=23.6342411,120.2256478",7-ELEVEN 聖淳門市
711-YL-293655,7-ELEVEN,便利商店,7-ELEVEN 榮家門市,斗六市,雲林縣斗六市林頭里榮譽路132號,23.7043185,120.5563858,"23.7043185, 120.5563858",(05)5361842,24H,7-ELEVEN 榮家門市，提供全天候補給、水廁與休憩服務。,"洗手間, 座位區, 精品咖啡, 行動電源","https://www.google.com/maps/search/?api=1&query=23.7043185,120.5563858",7-ELEVEN 榮家門市
711-YL-293884,7-ELEVEN,便利商店,7-ELEVEN 榴中門市,斗六市,雲林縣斗六市中興路15號一樓,23.723343,120.5819531,"23.723343, 120.5819531",(05)5574583,24H,7-ELEVEN 榴中門市，提供全天候補給、水廁與休憩服務。,"洗手間, 座位區, 精品咖啡, 行動電源","https://www.google.com/maps/search/?api=1&query=23.723343,120.5819531",7-ELEVEN 榴中門市
711-YL-880567,7-ELEVEN,便利商店,7-ELEVEN 福懋門市,斗六市,雲林縣斗六市石榴路196之1號,23.7257819,120.5872179,"23.7257819, 120.5872179",(05)5576345,24H,7-ELEVEN 福懋門市，提供全天候補給、水廁與休憩服務。,"座位區, 精品咖啡, 行動電源","https://www.google.com/maps/search/?api=1&query=23.7257819,120.5872179",7-ELEVEN 福懋門市
711-YL-968229,7-ELEVEN,便利商店,7-ELEVEN 福懋科門市,斗六市,雲林縣斗六市河南街319號,23.713693,120.5750022,"23.713693, 120.5750022",(05)5571842,24H,7-ELEVEN 福懋科門市，提供全天候補給、水廁與休憩服務。,精品咖啡,"https://www.google.com/maps/search/?api=1&query=23.713693,120.5750022",7-ELEVEN 福懋科門市
711-YL-193292,7-ELEVEN,便利商店,7-ELEVEN 福懋興門市,斗六市,雲林縣斗六市石榴路317號,23.727302,120.588016,"23.727302, 120.588016",(05)5573400,07:00 ~ 01:00,7-ELEVEN 福懋興門市，提供全天候補給、水廁與休憩服務。,"座位區, 行動電源","https://www.google.com/maps/search/?api=1&query=23.727302,120.588016",7-Eleven 福懋興門市
711-YL-241377,7-ELEVEN,便利商店,7-ELEVEN 劍湖門市,古坑鄉,雲林縣古坑鄉永昌村永興路145號,23.6239059,120.5498189,"23.6239059, 120.5498189",(05)5821196,24H,7-ELEVEN 劍湖門市，提供全天候補給、水廁與休憩服務。,"洗手間, 座位區, 思樂冰, 精品咖啡, 行動電源","https://www.google.com/maps/search/?api=1&query=23.6239059,120.5498189",7-ELEVEN 劍湖門市
711-YL-991920,7-ELEVEN,便利商店,7-ELEVEN 廣濟門市,古坑鄉,雲林縣古坑鄉東和村廣濟路78號78之1號,23.6829055,120.5697485,"23.6829055, 120.5697485",(05)5264860,24H,7-ELEVEN 廣濟門市，提供全天候補給、水廁與休憩服務。,"洗手間, 座位區, 精品咖啡, 行動電源","https://www.google.com/maps/search/?api=1&query=23.6829055,120.5697485",7-ELEVEN 廣濟門市
711-YL-273709,7-ELEVEN,便利商店,7-ELEVEN 褒忠門市,褒忠鄉,雲林縣褒忠鄉中正路99號1樓,23.6950478,120.3134545,"23.6950478, 120.3134545",(05)6978101,24H,7-ELEVEN 褒忠門市，提供全天候補給、水廁與休憩服務。,"洗手間, 座位區, 思樂冰, 精品咖啡, 行動電源","https://www.google.com/maps/search/?api=1&query=23.6950478,120.3134545",7-ELEVEN 褒忠門市
711-YL-285023,7-ELEVEN,便利商店,7-ELEVEN 褒旺門市,褒忠鄉,雲林縣褒忠鄉中正路456之1號,23.6925762,120.3057928,"23.6925762, 120.3057928",(05)6974287,06:00 ~ 23:59,7-ELEVEN 褒旺門市，提供全天候補給、水廁與休憩服務。,"洗手間, 座位區, 精品咖啡, 行動電源","https://www.google.com/maps/search/?api=1&query=23.6925762,120.3057928",7-ELEVEN褒旺門市
711-YL-228400,7-ELEVEN,便利商店,7-ELEVEN 儒虎門市,虎尾鎮,雲林縣虎尾鎮新吉里新吉30之5號,23.7039668,120.4232721,"23.7039668, 120.4232721",(05)6329389,24H,7-ELEVEN 儒虎門市，提供全天候補給、水廁與休憩服務。,"洗手間, 座位區, 精品咖啡, 行動電源","https://www.google.com/maps/search/?api=1&query=23.7039668,120.4232721",7-ELEVEN 儒虎門市
711-YL-278162,7-ELEVEN,便利商店,7-ELEVEN 樹子腳門市,莿桐鄉,雲林縣莿桐鄉和平路28號,23.7592411,120.5018527,"23.7592411, 120.5018527",(05)5843521,06:00 ~ 23:59,7-ELEVEN 樹子腳門市，提供全天候補給、水廁與休憩服務。,"洗手間, 座位區, 精品咖啡, 行動電源","https://www.google.com/maps/search/?api=1&query=23.7592411,120.5018527",7-ELEVEN 樹子腳門市
711-YL-872522,7-ELEVEN,便利商店,7-ELEVEN 興平門市,西螺鎮,雲林縣西螺鎮中興里延平路418號420號,23.8006645,120.4550865,"23.8006645, 120.4550865",(05)5870936,24H,7-ELEVEN 興平門市，提供全天候補給、水廁與休憩服務。,"洗手間, 座位區, 精品咖啡, 行動電源","https://www.google.com/maps/search/?api=1&query=23.8006645,120.4550865",7-ELEVEN 興平門市
711-YL-255631,7-ELEVEN,便利商店,7-ELEVEN 豐鎮門市,西螺鎮,雲林縣西螺鎮光復西路259號,23.7962937,120.4571758,"23.7962937, 120.4571758",(05)5879080,24H,7-ELEVEN 豐鎮門市，提供全天候補給、水廁與休憩服務。,"洗手間, 精品咖啡, 行動電源","https://www.google.com/maps/search/?api=1&query=23.7962937,120.4571758",7-ELEVEN 豐鎮門市
711-YL-275587,7-ELEVEN,便利商店,7-ELEVEN 鎮南門市,斗六市,雲林縣斗六市鎮南路301號,23.6997431,120.5417568,"23.6997431, 120.5417568",(05)5360905,24H,7-ELEVEN 鎮南門市，提供全天候補給、水廁與休憩服務。,"洗手間, 座位區, 精品咖啡, 行動電源","https://www.google.com/maps/search/?api=1&query=23.6997431,120.5417568",7-Eleven 鎮南門市
711-YL-195461,7-ELEVEN,便利商店,7-ELEVEN 羅威門市,崙背鄉,雲林縣崙背鄉羅厝村東興路168-1號.168-2號,23.7581557,120.3644844,"23.7581557, 120.3644844",(05)6965430,24H,7-ELEVEN 羅威門市，提供全天候補給、水廁與休憩服務。,"洗手間, 座位區, 思樂冰, 精品咖啡, 行動電源","https://www.google.com/maps/search/?api=1&query=23.7581557,120.3644844",7-ELEVEN 羅威門市
711-YL-972114,7-ELEVEN,便利商店,7-ELEVEN 寶宏門市,斗南鎮,雲林縣斗南鎮文昌路99號,23.6786334,120.4816559,"23.6786334, 120.4816559",(05)5975581,24H,7-ELEVEN 寶宏門市，提供全天候補給、水廁與休憩服務。,"洗手間, 座位區, 思樂冰, 精品咖啡, 行動電源","https://www.google.com/maps/search/?api=1&query=23.6786334,120.4816559",7-ELEVEN 寶宏門市
711-YL-293057,7-ELEVEN,便利商店,7-ELEVEN 鑫斗商門市,斗六市,雲林縣斗六市中華路207號209號1樓,23.708672,120.546888,"23.708672, 120.546888",(05)5343408,24H,7-ELEVEN 鑫斗商門市，提供全天候補給、水廁與休憩服務。,"座位區, 精品咖啡, 行動電源","https://www.google.com/maps/search/?api=1&query=23.708672,120.546888",7-ELEVEN 鑫斗商門市
711-YL-277033,7-ELEVEN,便利商店,7-ELEVEN 鑫崙門市,斗南鎮,雲林縣斗南鎮新崙路65之1號,23.6792529,120.431686,"23.6792529, 120.431686",(05)5974681,06:00 ~ 23:59,7-ELEVEN 鑫崙門市，提供全天候補給、水廁與休憩服務。,"洗手間, 座位區, 精品咖啡, 行動電源","https://www.google.com/maps/search/?api=1&query=23.6792529,120.431686",7-ELEVEN 鑫崙門市
FM-YL-018520,全家便利商店,便利商店,全家斗六車站店,斗六市,雲林縣斗六市民生路187號 (斗六火車站2樓大廳),23.7120905,120.5409709,"23.7120905, 120.5409709",,24小時營業,斗六火車站站體內門市，下火車租借 MOOVO 前第一線補給站，提供咖啡、霜淇淋與票證加值。,"火車站內,24H,霜淇淋,單品咖啡,MOOVO接駁","https://www.google.com/maps/search/?api=1&query=23.7120905,120.5409709",全家便利商店 斗六車頭店
FM-YL-020966,全家便利商店,便利商店,全家斗六雲大店,斗六市,雲林縣斗六市中山路573號,23.6945658,120.538322,"23.6945658, 120.538322",,24小時營業,雲科大生活圈重要門市，中山路與大學路交會處，空間寬敞，水廁與換電機能齊備。,"雲科大商圈,大座位區,店內公廁,霜淇淋,Gogoro","https://www.google.com/maps/search/?api=1&query=23.6945658,120.538322",全家便利商店 斗六雲大店
FM-YL-016621,全家便利商店,便利商店,全家斗六社口店,斗六市,雲林縣斗六市中山路321號,23.7014172,120.5384768,"23.7014172, 120.5384768",,24小時營業,社口水岸藝術園區旁，1-2樓超大休憩空間，逛公園、水岸騎行吹冷氣補給首選。,"社口水岸旁,雙層大空間,洗手間,霜淇淋","https://www.google.com/maps/search/?api=1&query=23.7014172,120.5384768",全家便利商店 斗六社口店
FM-YL-021286,全家便利商店,便利商店,全家斗六西平店,斗六市,雲林縣斗六市西平路677號,23.7248017,120.5241573,"23.7248017, 120.5241573",,24小時營業,斗六往莿桐方向西平路大門市，設有換電站與好停車空間，長途騎行便利水廁站。,"西平幹道,Gogoro換電,洗手間,霜淇淋","https://www.google.com/maps/search/?api=1&query=23.7248017,120.5241573",全家便利商店 斗六西平店
FM-YL-017671,全家便利商店,便利商店,全家斗六保明店,斗六市,雲林縣斗六市保長路51-1號,23.705347,120.5290083,"23.705347, 120.5290083",,24小時營業,斗六西側往虎尾、高鐵特區重要動線，提供特殊造型霜淇淋與換電服務。,"保長路,特殊造型霜淇淋,Gogoro,洗手間","https://www.google.com/maps/search/?api=1&query=23.705347,120.5290083",全家便利商店 斗六保明店
FM-YL-017335,全家便利商店,便利商店,全家斗六久安店,斗六市,雲林縣斗六市雲林路三段473號,23.6918193,120.5096403,"23.6918193, 120.5096403",,24小時營業,省道台1丁線斗六往斗南幹道門市，空間開闊，提供雙向車友快速水廁與換電補給。,"台1丁線,久安聚落,Gogoro,洗手間","https://www.google.com/maps/search/?api=1&query=23.6918193,120.5096403",全家便利商店 斗六久安店
FM-YL-018899,全家便利商店,便利商店,全家虎尾高鐵店,虎尾鎮,雲林縣虎尾鎮站前東路301號 (高鐵雲林站大廳內),23.7363957,120.416612,"23.7363957, 120.416612",,06:00-23:30,高鐵雲林站內核心門市，出站即有 MOOVO 單車站，支援多元電子支付與商務補給。,"高鐵站內,霜淇淋,單品咖啡,MOOVO接駁,商務補給","https://www.google.com/maps/search/?api=1&query=23.7363957,120.416612",全家便利商店 虎尾雲高店
FM-YL-021697,全家便利商店,便利商店,全家虎尾新光店,虎尾鎮,雲林縣虎尾鎮光明路75號,23.7060901,120.4466357,"23.7060901, 120.4466357",,24小時營業,虎尾市區光明路繁華商圈，近布袋戲館與虎尾故事館，漫遊市區最佳水廁補給站。,"虎尾市區,故事館周邊,洗手間,霜淇淋","https://www.google.com/maps/search/?api=1&query=23.7060901,120.4466357",全家便利商店 虎尾新光店
FM-YL-017612,全家便利商店,便利商店,全家虎尾霸屯店,虎尾鎮,雲林縣虎尾鎮西屯里大屯266號,23.7037036,120.3866601,"23.7037036, 120.3866601",,24小時營業,158縣道大屯聚落核心門市，雲林平原東西向橫貫公路重要中繼補給水廁站。,"158縣道,大屯聚落,Gogoro換電,洗手間","https://www.google.com/maps/search/?api=1&query=23.7037036,120.3866601",全家便利商店 虎尾霸屯店
FM-YL-017120,全家便利商店,便利商店,全家斗南車站店,斗南鎮,雲林縣斗南鎮中山路2號 (斗南火車站前廣場),23.671872,120.4902691,"23.671872, 120.4902691",,24小時營業,斗南火車站站前出口第一家，鄰近 MOOVO 站點與老街，轉乘與出發必備補給處。,"斗南火車站,站前廣場,MOOVO接駁,霜淇淋,洗手間","https://www.google.com/maps/search/?api=1&query=23.671872,120.4902691",全家便利商店 斗南利台店
FM-YL-016234,全家便利商店,便利商店,全家斗南延平店,斗南鎮,雲林縣斗南鎮延平路二段88號,23.6779308,120.477755,"23.6779308, 120.477755",,24小時營業,省道台1線縱貫公路重要門市，設有大型停車空間與 Gogoro 換電，車友環島指定補給點。,"台1線省道,單車環島,Gogoro,洗手間,霜淇淋","https://www.google.com/maps/search/?api=1&query=23.6779308,120.477755",全家便利商店 斗南西岐店
FM-YL-018115,全家便利商店,便利商店,全家西螺七崁店,西螺鎮,雲林縣西螺鎮吳厝里吳厝70-1號,23.7449106,120.422446,"23.7449106, 120.422446",,24小時營業,吳厝朝興宮旁，西螺七崁武術文化重鎮，往虎尾高鐵特區重要中繼換電水廁門市。,"西螺七崁,朝興宮旁,Gogoro換電,洗手間","https://www.google.com/maps/search/?api=1&query=23.7449106,120.422446",全家便利商店 西螺七崁店
FM-YL-025246,全家便利商店,便利商店,全家西螺平和店,西螺鎮,雲林縣西螺鎮平和南路399號,23.7963049,120.4568117,"23.7963049, 120.4568117",,24小時營業,西螺新興旗艦大店，擁有1至3樓超寬敞休憩空間，車友長途巡航最頂級休整據點。,"旗艦大店,3層樓大空間,Gogoro,特優洗手間","https://www.google.com/maps/search/?api=1&query=23.7963049,120.4568117",全家便利商店 西螺平和店
FM-YL-022066,全家便利商店,便利商店,全家北港財神店,北港鎮,雲林縣北港鎮華勝里文仁路143號1樓,23.5785413,120.3008284,"23.5785413, 120.3008284",,24小時營業,北港武德宮五路財神祖廟旁特色門市，提供特殊造型霜淇淋與換電服務，朝聖必訪。,"武德宮財神旁,特殊造型霜淇淋,Gogoro,大座位區","https://www.google.com/maps/search/?api=1&query=23.5785413,120.3008284",全家便利商店 北港財神店
FM-YL-019065,全家便利商店,便利商店,全家北港順風店,北港鎮,雲林縣北港鎮中正路95號1-2樓,23.56951,120.3019303,"23.56951, 120.3019303",,24小時營業,北港朝天宮老街中正路旁，雙層內用空間，逛老街、品嚐北港大餅前後歇腳首選。,"朝天宮老街旁,雙層座位,洗手間,霜淇淋","https://www.google.com/maps/search/?api=1&query=23.56951,120.3019303",全家便利商店 北港順風店
FM-YL-017845,全家便利商店,便利商店,全家古坑綠隧店,古坑鄉,雲林縣古坑鄉湳仔村湳仔路18-1號 (綠色隧道公園入口),23.659291,120.5409846,"23.659291, 120.5409846",,24小時營業,古坑綠色隧道公園旁超人氣門市，設有戶外景觀座位與換電站，假日單車慢活必訪。,"綠色隧道旁,景觀座位,Gogoro,MOOVO站,霜淇淋","https://www.google.com/maps/search/?api=1&query=23.659291,120.5409846",古坑綠色隧道公園
FM-YL-025926,全家便利商店,便利商店,全家雲林崙豐店,臺西鄉,雲林縣臺西鄉永豐村崙豐路108號1樓,23.7220276,120.2111715,"23.7220276, 120.2111715",,24小時營業,臺西崙豐聚落重要門市，沿海極西公路段換電、避風、如廁與補充能量的救急站。,"崙豐聚落,極西濱海,Gogoro換電,洗手間","https://www.google.com/maps/search/?api=1&query=23.7220276,120.2111715",全家便利商店 雲林崙豐店
REP-YL-001,自行車維修點,捷安特專賣/維修,捷安特 玩家單車生活館 (斗六店),斗六市,民生路196號1樓 (斗六車站前站商圈),23.7015567,120.5305908,"23.7015567, 120.5305908",05-5339163,週一至週六 10:00-21:00 (週日公休),斗六火車站前知名捷安特專業店，提供各車系完整檢修、耗材更換與道路救援諮詢。,"捷安特,專業維修,公路車保養,火車站商圈,補胎換胎","https://www.google.com/maps/search/?api=1&query=23.7015567,120.5305908",玩家單車生活館
REP-YL-002,自行車維修點,美利達專賣/維修,美利達自行車 宏翊車行,斗六市,文化路151號1樓 (斗六高中周邊),23.7114679,120.5502759,"23.7114679, 120.5502759",05-5326179,週一至週六 10:00-21:00 (週日公休),斗六在地資深美利達經銷店，技術扎實，學生通學車與專業運動車款維修首選。,"美利達,老字號,通學車修繕,變速調整,打氣支援","https://www.google.com/maps/search/?api=1&query=23.7114679,120.5502759",Merida美利達宏翊自行車行
REP-YL-003,自行車維修點,綜合單車/戶外維修,城市綠洲戶外生活館 (斗六店),斗六市,仁義路6號 (台3線往古坑方向),23.6885339,120.5383728,"23.6885339, 120.5383728",05-5375099,週一至週日 11:00-21:00,雲林大型戶外與單車生活館，設有專業單車維修區，提供多品牌自行車耗材更換。,"大型戶外單車館,多品牌保養,耗材齊全,台3線旁","https://www.google.com/maps/search/?api=1&query=23.6885339,120.5383728",城市綠洲戶外生活館【斗六店】 GARMIN 單車 登山 露營 滑雪 機能服飾 攀岩 溯溪 立槳
REP-YL-004,自行車維修點,捷安特專賣/維修,捷安特 玩家單車 (斗六家樂福店),斗六市,雲林路二段297號 (家樂福商場內),23.7124551,120.5434705,"23.7124551, 120.5434705",05-5339163,每日 10:00-22:00,家樂福賣場內便利據點，採買同時可進行單車簡易維修與胎壓補氣。,"家樂福內,商場便利,捷安特,營業時間長","https://www.google.com/maps/search/?api=1&query=23.7124551,120.5434705",GIANT捷安特-玩家單車專賣店
REP-YL-005,自行車維修點,專業單車工坊,嘻遊記單車 (SeeYo Bike),斗六市,明德路557號,23.699404,120.533657,"23.699404, 120.533657",05-5339881,週二至週六 12:00-21:00,斗六專業自行車改裝與保養工坊，專精中高階公路車與精緻校正調校服務。,"公路車專門,精品改裝,輪組校正,大保養","https://www.google.com/maps/search/?api=1&query=23.699404,120.533657",嘻遊記車行KHS功學社單車
REP-YL-006,自行車維修點,傳統單車維修,東東鐵馬 (東東自行車行),斗六市,中山路585巷15號 (雲科大周邊),23.694163,120.5390553,"23.694163, 120.5390553",0918-991230,週一至週三/週五至週日 10:00-19:00 (週四公休),雲科大學生最推的在地良心老車行，補胎迅速收費親民，解決日常通勤突發狀況。,"雲科大旁,學生推薦,快速補胎,平價實惠","https://www.google.com/maps/search/?api=1&query=23.694163,120.5390553",東東鐵馬
REP-YL-007,自行車維修點,傳統單車維修,伯旺自行車行,斗六市,中山路366號,23.6995,120.5379822,"23.6995, 120.5379822",05-5327811,週一至週六 08:00-20:00,斗六市區老牌自行車店，技術純熟，提供車友即時的輪胎與傳動檢修。,"老店維修,快速檢修,補胎打氣","https://www.google.com/maps/search/?api=1&query=23.6995,120.5379822",GIANT捷安特-伯旺車行
REP-YL-008,自行車維修點,捷安特專賣/維修,捷安特 勝心單車生活館 (虎尾店),虎尾鎮,林森路二段496號 (虎尾林森路主幹道),23.6978745,120.4236869,"23.6978745, 120.4236869",05-6310199,每日 10:00-21:00,虎尾林森路上指標性捷安特旗艦生活館，設備齊全新穎，單車長征後勤整備首選。,"捷安特旗艦,專業檢修,林森路商圈,電輔車保養","https://www.google.com/maps/search/?api=1&query=23.6978745,120.4236869",勝心單車事業有限公司_捷安特
REP-YL-009,自行車維修點,SHIMANO官方認證/專業店,馬克單車 (SHIMANO SSC 服務中心),虎尾鎮,中南路1-16號,23.6881259,120.4135216,"23.6881259, 120.4135216",0986-825350,週一至週五 11:00-19:00 / 週六 10:00-20:00 (週日公休),雲林極具知名度的 SHIMANO 原廠授權服務中心，設備專業，長途賽事與公路車整備首選。,"SHIMANO認證,專業Fitting,油壓煞車,電變檢測,高端保養","https://www.google.com/maps/search/?api=1&query=23.6881259,120.4135216",馬克單車
REP-YL-010,自行車維修點,美利達/綜合維修,欽發自行車行,虎尾鎮,光復路334號 (虎尾高中周邊),23.7102181,120.4379074,"23.7102181, 120.4379074",05-6323792,週一至週六 08:30-21:00,虎尾在地老字號自行車行，鄰近市區核心，提供快速周到的車輛修繕。,"虎尾老字號,快速補胎,通學保修","https://www.google.com/maps/search/?api=1&query=23.7102181,120.4379074",欽發自由車行
REP-YL-011,自行車維修點,傳統單車維修,昌陽鐵馬行,虎尾鎮,穎川里頂南150-1號 (高鐵特區南側),23.6881259,120.4135216,"23.6881259, 120.4135216",05-6335295,每日 08:00-19:00,高鐵特定區與頂南聚落重要維修中繼，親切實在，方便過路騎士應急維修。,"高鐵周邊,應急維修,補胎打氣","https://www.google.com/maps/search/?api=1&query=23.6881259,120.4135216",馬克單車
REP-YL-012,自行車維修點,捷安特專賣/維修,捷安特 斗南源興車行,斗南鎮,中山路88號 (斗南車站商圈),23.7015567,120.5305908,"23.7015567, 120.5305908",05-5972412,週一至週六 09:00-21:00,斗南車站旁知名捷安特經銷店，台1線環島騎士重要後勤整備與維修基地。,"捷安特,台1線環島,出發前健檢,火車站旁","https://www.google.com/maps/search/?api=1&query=23.7015567,120.5305908",玩家單車生活館
REP-YL-013,自行車維修點,傳統單車維修,順興自行車行,斗南鎮,延平路一段180號,23.6757639,120.4775144,"23.6757639, 120.4775144",05-5973321,週一至週六 08:00-20:00,斗南市區老牌修車行，技術純熟，快速解決破胎、掉鏈與煞車鬆弛問題。,"老牌車行,快速補胎,換煞車線","https://www.google.com/maps/search/?api=1&query=23.6757639,120.4775144",順益單車生活館 全通股東會紀念品服務處
REP-YL-014,自行車維修點,美利達專賣/維修,宏垣自行車行 (美利達西螺),西螺鎮,建興路178號 (西螺老街商圈),23.7983063,120.4593278,"23.7983063, 120.4593278",05-5865625,週一至週六 08:30-20:30,西螺老街與大橋旁重要專業單車行，過橋前檢查胎壓與鏈條的最佳技術據點。,"美利達,西螺老街旁,大橋整備,輪胎修補","https://www.google.com/maps/search/?api=1&query=23.7983063,120.4593278",GIANT捷安特-宏垣自行車行 自行車&電動車專賣店
REP-YL-015,自行車維修點,傳統單車維修,大橋單車修理部,西螺鎮,延平路210號 (福興宮旁),23.8002161,120.458655,"23.8002161, 120.458655",05-5862314,每日 08:00-19:00,福興宮媽祖廟旁老字號修理鋪，充滿人情味，提供過路香客與車友緊急救車服務。,"福興宮旁,人情味老店,緊急補胎","https://www.google.com/maps/search/?api=1&query=23.8002161,120.458655",無招牌不定時開門營業的腳踏車店
REP-YL-016,自行車維修點,美利達專賣/維修,美利達自行車 東明車行 (北港店),北港鎮,大同路133號 (北港市區核心),23.5712132,120.3023264,"23.5712132, 120.3023264",05-7831077,每日 08:00-21:00,北港知名美利達經銷老店，技術純熟，沿海與平原車友長途朝聖重要保養站。,"美利達經銷,北港核心,長征保養,專業技術","https://www.google.com/maps/search/?api=1&query=23.5712132,120.3023264",東明車行
REP-YL-017,自行車維修點,傳統單車維修,金興自行車行,北港鎮,民主路65號 (朝天宮周邊),23.5739469,120.2980021,"23.5739469, 120.2980021",05-7832251,每日 08:00-20:00,朝天宮老街周邊熱情老車行，收費公道，快速排除各類單車機械故障。,"朝天宮周邊,快速修車,收費公道","https://www.google.com/maps/search/?api=1&query=23.5739469,120.2980021",KHS功學社 創傑單車館
REP-YL-018,自行車維修點,傳統單車維修,大福腳踏車行,大埤鄉,南和村民權路19號 (大埤市區核心),23.644434,120.429586,"23.644434, 120.429586",05-5911172,每日 10:00-20:00,酸菜之鄉大埤市區在地良心車行，提供農村漫遊騎士及時破胎搶修與打氣服務。,"大埤市區,快速補胎,農村救急,打氣","https://www.google.com/maps/search/?api=1&query=23.644434,120.429586",大福腳踏車行
REP-YL-019,自行車維修點,綜合維修/應急修車,褒忠中勝車業 (單車/機車修配),褒忠鄉,中民村中民路190號 (褒忠市區核心),23.69739,120.3093828,"23.69739, 120.3093828",05-6973323,每日 08:00-21:00,褒忠市街158縣道重要應急修車點，平原橫貫騎行遇破胎掉鏈的最佳救援處。,"褒忠市區,158縣道,應急補胎,高壓充氣","https://www.google.com/maps/search/?api=1&query=23.69739,120.3093828",永豐機車行 SYM (機車排氣檢驗站)
REP-YL-020,自行車維修點,傳統單車維修,東勢鐵馬修配所,東勢鄉,東南村東勢東路111號 (賜安宮商圈),23.6865918,120.2593615,"23.6865918, 120.2593615",05-6992145,週一至週六 08:00-19:00,東勢賜安宮旁在地車輛修配所，胡蘿蔔故鄉單車漫遊最安心的後勤支援。,"東勢市區,賜安宮旁,補胎換胎,打氣支援","https://www.google.com/maps/search/?api=1&query=23.6865918,120.2593615",東勢鄉鐵馬道
REP-YL-021,自行車維修點,美利達專賣/維修,美利達自行車 宏和店,林內鄉,中正路240號 (林內車站商圈),23.758126,120.6148409,"23.758126, 120.6148409",05-5891302,週一至週六 08:30-20:30,台3線往南投竹山門戶重要單車店，進入山區前檢查煞車與變速系統必停站。,"美利達,台3線門戶,林內車站旁,爬坡前檢修","https://www.google.com/maps/search/?api=1&query=23.758126,120.6148409",美利達
REP-YL-022,自行車維修點,單車維修/補給,古坑鐵馬工坊,古坑鄉,中山路145號 (古坑街區),23.65469,120.542559,"23.65469, 120.542559",05-5821245,週一至週六 08:00-19:30,挑戰華山、樟湖咖啡公路前最後平地維修站，提供爬坡車輛精準煞變調校。,"古坑街區,爬坡前哨,煞車檢測,高壓打氣","https://www.google.com/maps/search/?api=1&query=23.65469,120.542559",橙香鐵馬道
REP-YL-023,自行車維修點,傳統單車維修,土庫順發自行車行,土庫鎮,中正路168號 (順天宮旁),23.6774064,120.3887463,"23.6774064, 120.3887463",05-6622312,每日 08:00-19:30,土庫老街順天宮旁老店，快速解決單車破胎與鏈條卡死問題。,"土庫老街,快速補胎,老店技術","https://www.google.com/maps/search/?api=1&query=23.6774064,120.3887463",土庫腳踏車店
REP-YL-024,自行車維修點,綜合單車維修,莿桐新興自行車行,莿桐鄉,中正路160號 (台1線省道旁),23.756777,120.499968,"23.756777, 120.499968",05-5842145,週一至週六 08:00-20:00,省道台1線莿桐市街維修站，長途單車環島中途破胎、故障之重要救援點。,"台1線省道,環島救援,應急補胎,零件更換","https://www.google.com/maps/search/?api=1&query=23.756777,120.499968",乾元腳踏車行
REP-YL-025,自行車維修點,綜合單車維修,崙背協成自行車行,崙背鄉,正義路142號 (市區商圈),23.7609357,120.3529215,"23.7609357, 120.3529215",05-6962356,週一至週六 08:00-19:30,崙背市街熱心車行，服務周到，提供平原鄉道長征車友及時技術援助。,"崙背市區,酪農之鄉,快速維修","https://www.google.com/maps/search/?api=1&query=23.7609357,120.3529215",捷輪車行
REP-YL-026,自行車維修點,傳統單車維修,二崙建成自行車行,二崙鄉,中興路42號 (公所對面),23.7710417,120.4149848,"23.7710417, 120.4149848",05-5982178,週一至週六 08:00-19:00,二崙公所對面，詔安客家庄巡禮單車維修好幫手。,"二崙公所旁,詔安客家,補胎維修","https://www.google.com/maps/search/?api=1&query=23.7710417,120.4149848",飛馬自行車-盛昌店
REP-YL-027,自行車維修點,單車/電輔車維修,麥寮泰安車業 (單車/電動車修配),麥寮鄉,中正路78號 (拱範宮旁),23.7429725,120.2590859,"23.7429725, 120.2590859",05-6932456,週一至週六 08:30-20:00,麥寮市區重要車輛保修點，專精沿海高鹽分氣候單車防鏽傳動維護與換胎。,"麥寮老街,西濱救援,電輔車修配,防鏽保養","https://www.google.com/maps/search/?api=1&query=23.7429725,120.2590859",麥寮驗車(麥寮大小汽車檢驗廠)
REP-YL-028,自行車維修點,傳統單車維修,臺西海口單車修理部,臺西鄉,中山路115號 (臺西派出所周邊),23.72141,120.1736484,"23.72141, 120.1736484",05-6982134,每日 08:00-18:30,台灣西海岸重要補胎修理點，海風強勁路段遇到破胎或落鏈的救命車行。,"極西海口,西濱救急,破胎修補,打氣支援","https://www.google.com/maps/search/?api=1&query=23.72141,120.1736484",台西海園海螺圓環
REP-YL-029,自行車維修點,濱海單車救援/維修,口湖金湖鐵馬維修站,口湖鄉,口湖路180號 (近口湖遊客中心/椬梧滯洪池),23.5744286,120.1516223,"23.5744286, 120.1516223",05-7892112,週一至週六 08:00-18:30,口湖濕地與小日月潭周邊維修點，提供濱海自行車道騎士即時的故障排除與工具借用。,"椬梧滯洪池周邊,濱海車道救援,補胎換胎","https://www.google.com/maps/search/?api=1&query=23.5744286,120.1516223",口湖休息站
REP-YL-030,自行車維修點,傳統單車維修,元長大同自行車行,元長鄉,中山路58號 (鰲峰宮商圈),23.6504289,120.3132463,"23.6504289, 120.3132463",05-7882345,週一至週六 08:00-19:30,元長市區中心老車行，地處台19線與145線交匯，提供長途香客與騎士可靠技術維護。,"台19線,元長市區,快速修車,打氣","https://www.google.com/maps/search/?api=1&query=23.6504289,120.3132463",GIANT捷安特-新和興腳踏車店 自行車&電動車專賣店
REP-YL-031,自行車維修點,傳統單車維修,四湖參天單車修理所,四湖鄉,中山路48號 (參天宮前商圈),23.645405,120.2211862,"23.645405, 120.2211862",05-7872211,每日 08:00-19:00,四湖市區參天宮旁，往三條崙黑森林車道前排除車輛異音與破胎的在地老鋪。,"四湖市區,參天宮旁,160縣道,補胎換胎","https://www.google.com/maps/search/?api=1&query=23.645405,120.2211862",瑋崧汽車修理廠
REP-YL-032,自行車維修點,傳統單車維修,水林振興自行車行,水林鄉,水林路20號 (顏思齊故事館旁),23.5717471,120.2408999,"23.5717471, 120.2408999",05-7852156,週一至週六 08:00-19:00,水林市區公所旁熱心車行，探訪黃金番薯之鄉與古蹟聚落最佳單車維修據點。,"水林市區,公所旁,開台第一鄉,補胎修繕","https://www.google.com/maps/search/?api=1&query=23.5717471,120.2408999",宗勝腳踏車＆自行車
FOOD-YL-001,在地美食,雲林100碗,Thubders 閃電甜點 (阿露斯哈密瓜裸蛋糕),二崙鄉,649雲林縣二崙鄉崙東村民族路152號,23.769014,120.4154307,"23.769014, 120.4154307",,週一與週日11:30–18:00/週二至六11:30–18:30,入選雲林100碗：推薦品項「阿露斯哈密瓜裸蛋糕」。,"雲林100碗, 二崙鄉, 在地小吃","https://www.google.com/maps/search/?api=1&query=23.769014,120.4154307",雲林100碗(Thunderϟ閃電甜點：：天然手作工作室)
FOOD-YL-002,在地美食,雲林100碗,第一鰻波 (邪惡鰻魚飯),口湖鄉,653雲林縣口湖鄉埔南村外埔路1-2號,23.5973651,120.190128,"23.5973651, 120.190128",,週二至週日09:00–17:00(週一休),入選雲林100碗：推薦品項「邪惡鰻魚飯」。,"雲林100碗, 口湖鄉, 在地小吃","https://www.google.com/maps/search/?api=1&query=23.5973651,120.190128",雲林100碗(第一鰻波工坊)
FOOD-YL-003,在地美食,雲林100碗,第一鰻波 (香酥鰻魚和風沙拉),口湖鄉,653雲林縣口湖鄉埔南村外埔路1-2號,23.5973651,120.190128,"23.5973651, 120.190128",,週二至週日09:00–17:00(週一休),入選雲林100碗：推薦品項「香酥鰻魚和風沙拉」。,"雲林100碗, 口湖鄉, 在地小吃","https://www.google.com/maps/search/?api=1&query=23.5973651,120.190128",雲林100碗(第一鰻波工坊)
FOOD-YL-004,在地美食,雲林100碗,第一鰻波 (胭脂鰻),口湖鄉,653雲林縣口湖鄉埔南村外埔路1-2號,23.5973651,120.190128,"23.5973651, 120.190128",,週二至週日09:00–17:00(週一休),入選雲林100碗：推薦品項「胭脂鰻」。,"雲林100碗, 口湖鄉, 在地小吃","https://www.google.com/maps/search/?api=1&query=23.5973651,120.190128",雲林100碗(第一鰻波工坊)
FOOD-YL-005,在地美食,雲林100碗,第一鰻波 (鰻魚山藥養生湯),口湖鄉,653雲林縣口湖鄉埔南村外埔路1-2號,23.5973651,120.190128,"23.5973651, 120.190128",,週二至週日09:00–17:00(週一休),入選雲林100碗：推薦品項「鰻魚山藥養生湯」。,"雲林100碗, 口湖鄉, 在地小吃","https://www.google.com/maps/search/?api=1&query=23.5973651,120.190128",雲林100碗(第一鰻波工坊)
FOOD-YL-006,在地美食,雲林100碗,第一鰻波 (鰻魚起司燒),口湖鄉,653雲林縣口湖鄉埔南村外埔路1-2號,23.5973651,120.190128,"23.5973651, 120.190128",,週二至週日09:00–17:00(週一休),入選雲林100碗：推薦品項「鰻魚起司燒」。,"雲林100碗, 口湖鄉, 在地小吃","https://www.google.com/maps/search/?api=1&query=23.5973651,120.190128",雲林100碗(第一鰻波工坊)
FOOD-YL-007,在地美食,雲林100碗,古早味雙糕潤 (雙糕潤),土庫鎮,633雲林縣土庫鎮順天里中山路45號,23.674026,120.3891763,"23.674026, 120.3891763",,週二至週日07:00–16:00(週一休),入選雲林100碗：推薦品項「雙糕潤」。,"雲林100碗, 土庫鎮, 在地小吃","https://www.google.com/maps/search/?api=1&query=23.674026,120.3891763",古早味雙糕潤
FOOD-YL-008,在地美食,雲林100碗,怪人花枝鱔魚麵 (花枝麵),土庫鎮,633雲林縣土庫鎮宮北里中正路105號,23.6762852,120.3906106,"23.6762852, 120.3906106",,週二至週日09:30–19:30(週一休),入選雲林100碗：推薦品項「花枝麵」。,"雲林100碗, 土庫鎮, 在地小吃","https://www.google.com/maps/search/?api=1&query=23.6762852,120.3906106",怪人花枝鱔魚麵（雲林100碗）
FOOD-YL-009,在地美食,雲林100碗,阿海師鴨肉麵線 (當歸鴨肉麵線),土庫鎮,633雲林縣土庫鎮中正路137號,23.6770303,120.3910822,"23.6770303, 120.3910822",,週一至週日 07:30–19:00,入選雲林100碗：推薦品項「當歸鴨肉麵線」。,"雲林100碗, 土庫鎮, 在地小吃","https://www.google.com/maps/search/?api=1&query=23.6770303,120.3910822",阿海師鴨肉麵線
FOOD-YL-010,在地美食,雲林100碗,許家紅龜 (紅龜粿),土庫鎮,633雲林縣土庫鎮中正路142號,23.6760457,120.3905878,"23.6760457, 120.3905878",,週一至週日 07:00–13:30,入選雲林100碗：推薦品項「紅龜粿」。,"雲林100碗, 土庫鎮, 在地小吃","https://www.google.com/maps/search/?api=1&query=23.6760457,120.3905878",雲林100碗(許家古早味紅龜粿)
FOOD-YL-011,在地美食,雲林100碗,一品香火鍋 (特製沙茶),斗六市,640雲林縣斗六市大同路270號,23.7135627,120.5433374,"23.7135627, 120.5433374",,"11:00–14:00, 17:00–21:00",入選雲林100碗：推薦品項「特製沙茶」。,"雲林100碗, 斗六市, 在地小吃","https://www.google.com/maps/search/?api=1&query=23.7135627,120.5433374",一品香火鍋斗六店
FOOD-YL-012,在地美食,雲林100碗,二吉軒豆漿 (燒餅油條),斗六市,640雲林縣斗六市成功路300號,23.7045808,120.5518325,"23.7045808, 120.5518325",,15:30–隔日10:30,入選雲林100碗：推薦品項「燒餅油條」。,"雲林100碗, 斗六市, 在地小吃","https://www.google.com/maps/search/?api=1&query=23.7045808,120.5518325",二吉軒豆漿 斗六總店
FOOD-YL-013,在地美食,雲林100碗,八條紅燒牛肉麵 (紅燒牛肉麵),斗六市,640雲林縣斗六市中正路110號,23.7048723,120.5370719,"23.7048723, 120.5370719",,"11:00–14:00, 16:30–20:00",入選雲林100碗：推薦品項「紅燒牛肉麵」。,"雲林100碗, 斗六市, 在地小吃","https://www.google.com/maps/search/?api=1&query=23.7048723,120.5370719",老謝牛肉麵（僅有洗手台丨13:30、19:30後僅提供外帶）
FOOD-YL-014,在地美食,雲林100碗,大頭蔥肉麵 (蔥肉麵),斗六市,640雲林縣斗六市西平路191號,23.7083737,120.5477353,"23.7083737, 120.5477353",,06:00–13:30 (週四五休),入選雲林100碗：推薦品項「蔥肉麵」。,"雲林100碗, 斗六市, 在地小吃","https://www.google.com/maps/search/?api=1&query=23.7083737,120.5477353",大頭蔥肉蛋餅
FOOD-YL-015,在地美食,雲林100碗,小吉咖哩 (嫩雞咖哩飯),斗六市,640雲林縣斗六市城頂街99號,23.7081907,120.5376979,"23.7081907, 120.5376979",,"11:00–14:00, 17:00–20:00",入選雲林100碗：推薦品項「嫩雞咖哩飯」。,"雲林100碗, 斗六市, 在地小吃","https://www.google.com/maps/search/?api=1&query=23.7081907,120.5376979",參食穗咖哩 30CURRY
FOOD-YL-016,在地美食,雲林100碗,千八料亭 (日式便當),斗六市,640雲林縣斗六市文化路64-12號,23.7108435,120.5468211,"23.7108435, 120.5468211",,"11:00–14:00, 17:00–21:00",入選雲林100碗：推薦品項「日式便當」。,"雲林100碗, 斗六市, 在地小吃","https://www.google.com/maps/search/?api=1&query=23.7108435,120.5468211",640雲林縣斗六市忠孝里文化路64號
FOOD-YL-017,在地美食,雲林100碗,斗六東市羊肉 (羊肉米糕),斗六市,640雲林縣斗六市中華路115號,23.700402,120.5370455,"23.700402, 120.5370455",,15:30–23:30,入選雲林100碗：推薦品項「羊肉米糕」。,"雲林100碗, 斗六市, 在地小吃","https://www.google.com/maps/search/?api=1&query=23.700402,120.5370455",東市羊肉
FOOD-YL-018,在地美食,雲林100碗,巴厘島風情餐廳 (印尼炒飯),斗六市,640雲林縣斗六市中堅西路222號,23.7002825,120.544173,"23.7002825, 120.544173",,"11:30–14:30, 17:30–20:30 (週二休)",入選雲林100碗：推薦品項「印尼炒飯」。,"雲林100碗, 斗六市, 在地小吃","https://www.google.com/maps/search/?api=1&query=23.7002825,120.544173",熱浪島南洋蔬食茶堂(斗六店)
FOOD-YL-019,在地美食,雲林100碗,凹凸咖啡館 (香草焦糖布丁),斗六市,640雲林縣斗六市府前街68號,23.708241,120.539667,"23.708241, 120.539667",,11:30–18:00 (週二休),入選雲林100碗：推薦品項「香草焦糖布丁」。,"雲林100碗, 斗六市, 在地小吃","https://www.google.com/maps/search/?api=1&query=23.708241,120.539667",凹凸咖啡館
FOOD-YL-020,在地美食,雲林100碗,凹凸咖啡館 (夏日芒果可拿滋),斗六市,640雲林縣斗六市府前街68號,23.708241,120.539667,"23.708241, 120.539667",,11:30–18:00 (週二休),入選雲林100碗：推薦品項「夏日芒果可拿滋」。,"雲林100碗, 斗六市, 在地小吃","https://www.google.com/maps/search/?api=1&query=23.708241,120.539667",凹凸咖啡館
FOOD-YL-021,在地美食,雲林100碗,早點見面 (芝麻核桃三明治),斗六市,640雲林縣斗六市文化路118號,23.7160677,120.5408825,"23.7160677, 120.5408825",,07:00–15:00 (週一二休),入選雲林100碗：推薦品項「芝麻核桃三明治」。,"雲林100碗, 斗六市, 在地小吃","https://www.google.com/maps/search/?api=1&query=23.7160677,120.5408825",MEI MEI早餐店
FOOD-YL-022,在地美食,雲林100碗,品坊甜點專賣 (天使蛋糕),斗六市,640雲林縣斗六市成功二街25號,23.7023098,120.5322502,"23.7023098, 120.5322502",,09:00–18:00 (週日休),入選雲林100碗：推薦品項「天使蛋糕」。,"雲林100碗, 斗六市, 在地小吃","https://www.google.com/maps/search/?api=1&query=23.7023098,120.5322502",芊品坊‧甜點專賣
FOOD-YL-023,在地美食,雲林100碗,阿李媽媽豆奶酪 (原味豆奶酪),斗六市,640雲林縣斗六市自強街81號,23.7047612,120.5499187,"23.7047612, 120.5499187",,10:30–20:30,入選雲林100碗：推薦品項「原味豆奶酪」。,"雲林100碗, 斗六市, 在地小吃","https://www.google.com/maps/search/?api=1&query=23.7047612,120.5499187",雲林100碗-阿李媽媽豆奶酪
FOOD-YL-024,在地美食,雲林100碗,阿義羊肉店 (沙茶羊肉),斗六市,640雲林縣斗六市雲林路一段22號,23.7092978,120.5407658,"23.7092978, 120.5407658",,06:00–14:00,入選雲林100碗：推薦品項「沙茶羊肉」。,"雲林100碗, 斗六市, 在地小吃","https://www.google.com/maps/search/?api=1&query=23.7092978,120.5407658",阿義羊肉
FOOD-YL-025,在地美食,雲林100碗,桃姐專業煲湯 (清燉當歸山藥鍋),斗六市,640雲林縣斗六市民生南路159號,23.7014532,120.5370884,"23.7014532, 120.5370884",,"11:00–14:00, 17:00–22:00 (週一休)",入選雲林100碗：推薦品項「清燉當歸山藥鍋」。,"雲林100碗, 斗六市, 在地小吃","https://www.google.com/maps/search/?api=1&query=23.7014532,120.5370884",桃姐專業煲湯、火鍋、簡餐、便當
FOOD-YL-026,在地美食,雲林100碗,桃姐專業煲湯 (煎麻油蛋麵線),斗六市,640雲林縣斗六市民生南路159號,23.7014532,120.5370884,"23.7014532, 120.5370884",,"11:00–14:00, 17:00–22:00 (週一休)",入選雲林100碗：推薦品項「煎麻油蛋麵線」。,"雲林100碗, 斗六市, 在地小吃","https://www.google.com/maps/search/?api=1&query=23.7014532,120.5370884",桃姐專業煲湯、火鍋、簡餐、便當
FOOD-YL-027,在地美食,雲林100碗,耕雲軒港式餐廳 (三好蔥香麵包雞),斗六市,640雲林縣斗六市斗六五路35號3樓,23.7168074,120.5342592,"23.7168074, 120.5342592",,"11:30–14:00, 17:30–21:00",入選雲林100碗：推薦品項「三好蔥香麵包雞」。,"雲林100碗, 斗六市, 在地小吃","https://www.google.com/maps/search/?api=1&query=23.7168074,120.5342592",雲林100碗-耕雲軒港式餐廳
FOOD-YL-028,在地美食,雲林100碗,深海深美食 (土魠魚羹),斗六市,640雲林縣斗六市中正路143號,23.7062113,120.5445962,"23.7062113, 120.5445962",,"10:30–14:00, 16:00–20:00 (週一休)",入選雲林100碗：推薦品項「土魠魚羹」。,"雲林100碗, 斗六市, 在地小吃","https://www.google.com/maps/search/?api=1&query=23.7062113,120.5445962",深海深美食旗艦總店
FOOD-YL-029,在地美食,雲林100碗,斗六釣魚台海鮮餐廳 (招牌海味米粉湯),斗六市,640雲林縣斗六市南揚街12號,23.6972929,120.5412749,"23.6972929, 120.5412749",,"11:00–14:00, 17:00–21:00 (週一二休)",入選雲林100碗：推薦品項「招牌海味米粉湯」。,"雲林100碗, 斗六市, 在地小吃","https://www.google.com/maps/search/?api=1&query=23.6972929,120.5412749",斗六釣魚台活漁海鮮餐廳(前方道路施工正常營業）雲林100碗斗六在地美食推薦
FOOD-YL-030,在地美食,雲林100碗,輕煮丼 (輕炙舒肥豬菲力),斗六市,640雲林縣斗六市八德路27號,23.7082481,120.5393509,"23.7082481, 120.5393509",,"11:00–14:00, 17:00–20:00",入選雲林100碗：推薦品項「輕炙舒肥豬菲力」。,"雲林100碗, 斗六市, 在地小吃","https://www.google.com/maps/search/?api=1&query=23.7082481,120.5393509",晴Haru-生魚片、丼飯、關東煮
FOOD-YL-031,在地美食,雲林100碗,鄧肉圓 (脆皮肉圓),斗六市,640雲林縣斗六市興北街88號,23.7095981,120.5413255,"23.7095981, 120.5413255",,週一至週日 07:30–21:00,入選雲林100碗：推薦品項「脆皮肉圓」。,"雲林100碗, 斗六市, 在地小吃","https://www.google.com/maps/search/?api=1&query=23.7095981,120.5413255",鄧肉圓斗六總店
FOOD-YL-032,在地美食,雲林100碗,魷魚興魷魚嘴羹 (魷魚羹),斗六市,640雲林縣斗六市中正路56號,23.7089364,120.5444045,"23.7089364, 120.5444045",,週一至週日 08:30–19:30,入選雲林100碗：推薦品項「魷魚羹」。,"雲林100碗, 斗六市, 在地小吃","https://www.google.com/maps/search/?api=1&query=23.7089364,120.5444045",魷魚興魷魚嘴羮
FOOD-YL-033,在地美食,雲林100碗,AKIRA (招牌海鮮丼),斗南鎮,630雲林縣斗南鎮順安街178號,23.7139164,120.4223138,"23.7139164, 120.4223138",,17:30–20:00 (週日、週一休),入選雲林100碗：推薦品項「招牌海鮮丼」。,"雲林100碗, 斗南鎮, 在地小吃","https://www.google.com/maps/search/?api=1&query=23.7139164,120.4223138",AKIRA
FOOD-YL-034,在地美食,雲林100碗,HUNGHUNG 甜點工作室 (巴斯克蛋糕),斗南鎮,630雲林縣斗南鎮中山路120號3樓,23.6763668,120.4787865,"23.6763668, 120.4787865",,09:00–17:00 (預約制),入選雲林100碗：推薦品項「巴斯克蛋糕」。,"雲林100碗, 斗南鎮, 在地小吃","https://www.google.com/maps/search/?api=1&query=23.6763668,120.4787865",hunghung甜點工作室
FOOD-YL-035,在地美食,雲林100碗,三角窗 (綜合海鮮羹),大埤鄉,631雲林縣大埤鄉大埤路7號,23.6456743,120.4302321,"23.6456743, 120.4302321",,10:30–19:30 (週一休),入選雲林100碗：推薦品項「綜合海鮮羹」。,"雲林100碗, 大埤鄉, 在地小吃","https://www.google.com/maps/search/?api=1&query=23.6456743,120.4302321",三角窗
FOOD-YL-036,在地美食,雲林100碗,北京王餡餅 (豬肉餡餅),斗南鎮,630雲林縣斗南鎮中山路59號,23.6747939,120.4794127,"23.6747939, 120.4794127",,14:00–18:00 (售完為止),入選雲林100碗：推薦品項「豬肉餡餅」。,"雲林100碗, 斗南鎮, 在地小吃","https://www.google.com/maps/search/?api=1&query=23.6747939,120.4794127",北京王餡餅-斗南
FOOD-YL-037,在地美食,雲林100碗,冰角放空 (芒裡偷閒(芒果雪花冰)),斗南鎮,630雲林縣斗南鎮新興街140號,23.674577,120.4789236,"23.674577, 120.4789236",,11:00–21:00 (週一休),入選雲林100碗：推薦品項「芒裡偷閒(芒果雪花冰)」。,"雲林100碗, 斗南鎮, 在地小吃","https://www.google.com/maps/search/?api=1&query=23.674577,120.4789236",冰角放空
FOOD-YL-038,在地美食,雲林100碗,尚珍肉品店 (斗南伴手禮-尚珍肉品店),斗南鎮,630雲林縣斗南鎮中正路80號,23.6740594,120.4776537,"23.6740594, 120.4776537",,週一至週日 08:30–21:00,入選雲林100碗：推薦品項「斗南伴手禮-尚珍肉品店」。,"雲林100碗, 斗南鎮, 在地小吃","https://www.google.com/maps/search/?api=1&query=23.6740594,120.4776537",雲林100碗-尚珍肉品店
FOOD-YL-039,在地美食,雲林100碗,林松雪冰果室 (古早味紅茶),斗南鎮,630雲林縣斗南鎮中正路157號,23.6762586,120.477636,"23.6762586, 120.477636",,週一至週日 09:00–21:00,入選雲林100碗：推薦品項「古早味紅茶」。,"雲林100碗, 斗南鎮, 在地小吃","https://www.google.com/maps/search/?api=1&query=23.6762586,120.477636",雲林100碗-林松雪冰果室
FOOD-YL-040,在地美食,雲林100碗,阿國師雲蒸薑母鴨 (甕蒸薑母鴨),斗南鎮,630雲林縣斗南鎮義德路2號,23.6778889,120.4818653,"23.6778889, 120.4818653",,週一至週日 12:00–00:00,入選雲林100碗：推薦品項「甕蒸薑母鴨」。,"雲林100碗, 斗南鎮, 在地小吃","https://www.google.com/maps/search/?api=1&query=23.6778889,120.4818653",雲林100碗-阿國師雲蒸薑母鴨
FOOD-YL-041,在地美食,雲林100碗,屋簷下的幸福 (同心花圓 (芋頭西谷米芋圓豆花)),斗南鎮,630雲林縣斗南鎮大同路67號,23.6776259,120.4755271,"23.6776259, 120.4755271",,依店家現場公告為主,入選雲林100碗：推薦品項「同心花圓 (芋頭西谷米芋圓豆花)」。,"雲林100碗, 斗南鎮, 在地小吃","https://www.google.com/maps/search/?api=1&query=23.6776259,120.4755271",屋簷下的幸福(豆花/冰品/飲料)
FOOD-YL-042,在地美食,雲林100碗,屋簷下的幸福 (銀耳蓮子桂花釀),斗南鎮,630雲林縣斗南鎮大同路67號,23.6776259,120.4755271,"23.6776259, 120.4755271",,依店家現場公告為主,入選雲林100碗：推薦品項「銀耳蓮子桂花釀」。,"雲林100碗, 斗南鎮, 在地小吃","https://www.google.com/maps/search/?api=1&query=23.6776259,120.4755271",屋簷下的幸福(豆花/冰品/飲料)
FOOD-YL-043,在地美食,雲林100碗,斗南徐記肉圓 (芋頭肉圓),斗南鎮,630雲林縣斗南鎮南昌西路85號,23.6708801,120.4743462,"23.6708801, 120.4743462",,週一至週日 10:30–19:00,入選雲林100碗：推薦品項「芋頭肉圓」。,"雲林100碗, 斗南鎮, 在地小吃","https://www.google.com/maps/search/?api=1&query=23.6708801,120.4743462",斗南徐記肉圓
FOOD-YL-044,在地美食,雲林100碗,斗南徐記肉圓 (筍子肉圓),斗南鎮,630雲林縣斗南鎮南昌西路85號,23.6708801,120.4743462,"23.6708801, 120.4743462",,週一至週日 10:30–19:00,入選雲林100碗：推薦品項「筍子肉圓」。,"雲林100碗, 斗南鎮, 在地小吃","https://www.google.com/maps/search/?api=1&query=23.6708801,120.4743462",斗南徐記肉圓
FOOD-YL-045,在地美食,雲林100碗,迷樂卡啡 (厚切豬排咖哩),斗南鎮,630雲林縣斗南鎮中山路2-1號,23.6721234,120.4801069,"23.6721234, 120.4801069",,週一至週日 11:00–21:00,入選雲林100碗：推薦品項「厚切豬排咖哩」。,"雲林100碗, 斗南鎮, 在地小吃","https://www.google.com/maps/search/?api=1&query=23.6721234,120.4801069",迷樂卡啡 斗南店
FOOD-YL-046,在地美食,雲林100碗,彭家飯湯 (飯湯),斗南鎮,630雲林縣斗南鎮延平路一段163號,23.6922957,120.4801485,"23.6922957, 120.4801485",,週二至週日 11:00–20:00 (週一休),入選雲林100碗：推薦品項「飯湯」。,"雲林100碗, 斗南鎮, 在地小吃","https://www.google.com/maps/search/?api=1&query=23.6922957,120.4801485",彭家飯湯
FOOD-YL-047,在地美食,雲林100碗,杰樂蕃薯園 (手作無糖地瓜乾),水林鄉,652雲林縣水林鄉大溝村172號,23.5743086,120.2099934,"23.5743086, 120.2099934",,週一至週日 09:00–18:00,入選雲林100碗：推薦品項「手作無糖地瓜乾」。,"雲林100碗, 水林鄉, 在地小吃","https://www.google.com/maps/search/?api=1&query=23.5743086,120.2099934",雲林100碗(杰樂蕃薯園)
FOOD-YL-048,在地美食,雲林100碗,阿德的家 (地瓜瑞士捲),水林鄉,652雲林縣水林鄉尖山腳45-18號,23.5352163,120.2179659,"23.5352163, 120.2179659",,週末 10:00–18:00 (平日需預約),入選雲林100碗：推薦品項「地瓜瑞士捲」。,"雲林100碗, 水林鄉, 在地小吃","https://www.google.com/maps/search/?api=1&query=23.5352163,120.2179659",阿德的家-地瓜瑞士捲🍠雲林伴手禮 水林甜點
FOOD-YL-049,在地美食,雲林100碗,水林玉記號 (寶島地瓜燒),水林鄉,652雲林縣水林鄉水林路106號,23.5720574,120.2431116,"23.5720574, 120.2431116",,週一至週日 08:00–20:00,入選雲林100碗：推薦品項「寶島地瓜燒」。,"雲林100碗, 水林鄉, 在地小吃","https://www.google.com/maps/search/?api=1&query=23.5720574,120.2431116",雲林100碗-玉記號
FOOD-YL-050,在地美食,雲林100碗,祥美餅舖 (不老農芝麻花生糖),水林鄉,652雲林縣水林鄉水林路221號,23.5720716,120.244037,"23.5720716, 120.244037",,週一至週日 08:00–20:00,入選雲林100碗：推薦品項「不老農芝麻花生糖」。,"雲林100碗, 水林鄉, 在地小吃","https://www.google.com/maps/search/?api=1&query=23.5720716,120.244037",雲林100碗-水林祥美餅舖
FOOD-YL-051,在地美食,雲林100碗,祥美餅舖 (紅龜粿),水林鄉,652雲林縣水林鄉水林路221號,23.5720716,120.244037,"23.5720716, 120.244037",,週一至週日 08:00–20:00,入選雲林100碗：推薦品項「紅龜粿」。,"雲林100碗, 水林鄉, 在地小吃","https://www.google.com/maps/search/?api=1&query=23.5720716,120.244037",雲林100碗-水林祥美餅舖
FOOD-YL-052,在地美食,雲林100碗,祥美餅舖 (香菇豬肉油飯),水林鄉,652雲林縣水林鄉水林路221號,23.5720716,120.244037,"23.5720716, 120.244037",,週一至週日 08:00–20:00,入選雲林100碗：推薦品項「香菇豬肉油飯」。,"雲林100碗, 水林鄉, 在地小吃","https://www.google.com/maps/search/?api=1&query=23.5720716,120.244037",雲林100碗-水林祥美餅舖
FOOD-YL-053,在地美食,雲林100碗,久旺炎商行 (麻辣鴨血臭豆腐、麻辣冷滷味),北港鎮,651雲林縣北港鎮華勝路398號1樓,23.5828641,120.2991886,"23.5828641, 120.2991886",,11:00–19:30,入選雲林100碗：推薦品項「麻辣鴨血臭豆腐、麻辣冷滷味」。,"雲林100碗, 北港鎮, 在地小吃","https://www.google.com/maps/search/?api=1&query=23.5828641,120.2991886",久旺炎冰鎮滷味
FOOD-YL-054,在地美食,雲林100碗,水林涼心青草茶 (青草茶),北港鎮,651雲林縣北港鎮大同路343號,23.5729295,120.297428,"23.5729295, 120.297428",,07:00–18:00 (週日到17:00),入選雲林100碗：推薦品項「青草茶」。,"雲林100碗, 北港鎮, 在地小吃","https://www.google.com/maps/search/?api=1&query=23.5729295,120.297428",雲林100碗-涼心青草茶
FOOD-YL-055,在地美食,雲林100碗,北港老受鴨肉飯 (鴨肉飯),北港鎮,651雲林縣北港鎮中山路104號,23.5664555,120.3044491,"23.5664555, 120.3044491",,週一至週日 10:30–19:00,入選雲林100碗：推薦品項「鴨肉飯」。,"雲林100碗, 北港鎮, 在地小吃","https://www.google.com/maps/search/?api=1&query=23.5664555,120.3044491",老受鴨肉飯
FOOD-YL-056,在地美食,雲林100碗,阿鹿嘎B (香港絲襪奶茶),北港鎮,651雲林縣北港鎮中華路2之2號,23.5670396,120.3050398,"23.5670396, 120.3050398",,10:00–18:00 (休假日依粉專公告),入選雲林100碗：推薦品項「香港絲襪奶茶」。,"雲林100碗, 北港鎮, 在地小吃","https://www.google.com/maps/search/?api=1&query=23.5670396,120.3050398",阿鹿嘎B
FOOD-YL-057,在地美食,雲林100碗,北港阿豐油飯麵線糊 (油飯、麵線糊),北港鎮,651雲林縣北港鎮中正路24號,23.5690212,120.3037509,"23.5690212, 120.3037509",,06:15–13:00 (週三休),入選雲林100碗：推薦品項「油飯、麵線糊」。,"雲林100碗, 北港鎮, 在地小吃","https://www.google.com/maps/search/?api=1&query=23.5690212,120.3037509",阿豐油飯麵線糊
FOOD-YL-058,在地美食,雲林100碗,猛男海鮮魯肉飯 (海鮮魯肉飯),北港鎮,651雲林縣北港鎮文化路41-1號,23.5670367,120.3020642,"23.5670367, 120.3020642",,依現場/店家粉專公告為主,入選雲林100碗：推薦品項「海鮮魯肉飯」。,"雲林100碗, 北港鎮, 在地小吃","https://www.google.com/maps/search/?api=1&query=23.5670367,120.3020642",七股·鮮。滷肉飯虱目魚專賣店（北港店）
FOOD-YL-059,在地美食,雲林100碗,傳發之家 (麥芽花生糖),北港鎮,651雲林縣北港鎮公民路12號,23.5685634,120.305906,"23.5685634, 120.305906",,週一至週日 09:00–21:00,入選雲林100碗：推薦品項「麥芽花生糖」。,"雲林100碗, 北港鎮, 在地小吃","https://www.google.com/maps/search/?api=1&query=23.5685634,120.305906",傳發之家
FOOD-YL-060,在地美食,雲林100碗,北港臻狀元囍餅 (切達乳酪餅),北港鎮,651雲林縣北港鎮中山路165號,23.5657841,120.3043367,"23.5657841, 120.3043367",,平日08:00–21:00 / 假日07:00–22:00,入選雲林100碗：推薦品項「切達乳酪餅」。,"雲林100碗, 北港鎮, 在地小吃","https://www.google.com/maps/search/?api=1&query=23.5657841,120.3043367",臻狀元囍餅.伴手禮 旗艦總店
FOOD-YL-061,在地美食,雲林100碗,鴨ㄚ小麵店 (法式碱水鴨/黃金炸豆腐),北港鎮,651雲林縣北港鎮大同路234號,23.5692705,120.3030953,"23.5692705, 120.3030953",,"10:30–14:00, 16:30–20:00 (週三、四休)",入選雲林100碗：推薦品項「法式碱水鴨/黃金炸豆腐」。,"雲林100碗, 北港鎮, 在地小吃","https://www.google.com/maps/search/?api=1&query=23.5692705,120.3030953",鴨丫小麵店
FOOD-YL-062,在地美食,雲林100碗,東和泡芙 (鳳凰泡芙),古坑鄉,646雲林縣古坑鄉文化路23號,23.6840121,120.5687117,"23.6840121, 120.5687117",,14:00–18:00 (週一、二休),入選雲林100碗：推薦品項「鳳凰泡芙」。,"雲林100碗, 古坑鄉, 在地小吃","https://www.google.com/maps/search/?api=1&query=23.6840121,120.5687117",東和泡芙
FOOD-YL-063,在地美食,雲林100碗,劍湖山渡假大飯店 (古坑金筍白鰻酥),古坑鄉,646雲林縣古坑鄉大湖口67之8號,23.6158352,120.5795803,"23.6158352, 120.5795803",,飯店24小時營業 (餐廳依現場為準),入選雲林100碗：推薦品項「古坑金筍白鰻酥」。,"雲林100碗, 古坑鄉, 在地小吃","https://www.google.com/maps/search/?api=1&query=23.6158352,120.5795803",劍湖山世界主題樂園
FOOD-YL-064,在地美食,雲林100碗,螢之光咖啡 (古坑桂林945桑),古坑鄉,646雲林縣古坑鄉桂林村開元2-2號,23.6062602,120.60969,"23.6062602, 120.60969",,週末 10:00–18:00 (平日需預約),入選雲林100碗：推薦品項「古坑桂林945桑」。,"雲林100碗, 古坑鄉, 在地小吃","https://www.google.com/maps/search/?api=1&query=23.6062602,120.60969",蛍のヒカリ自家焙煎—螢之光咖啡
FOOD-YL-065,在地美食,雲林100碗,糧莘庇護農場 (紅藜餅乾),古坑鄉,646雲林縣古坑鄉崁腳村14-20號,23.6240483,120.5495919,"23.6240483, 120.5495919",,週一至週五 08:00–17:00 (週末休),入選雲林100碗：推薦品項「紅藜餅乾」。,"雲林100碗, 古坑鄉, 在地小吃","https://www.google.com/maps/search/?api=1&query=23.6240483,120.5495919",糧莘庇護農場
FOOD-YL-066,在地美食,雲林100碗,玉津烘焙坊 (沙拉三明治),臺西鄉,636雲林縣台西鄉中山路132號,23.7002773,120.1990724,"23.7002773, 120.1990724",,週一至週日 08:00–22:00,入選雲林100碗：推薦品項「沙拉三明治」。,"雲林100碗, 台西鄉, 在地小吃","https://www.google.com/maps/search/?api=1&query=23.7002773,120.1990724",雲林100碗-台西玉津烘焙坊-雲林伴手禮 雲林名產 雲林蛋黃酥 雲林西點外燴 雲林會議餐盒 雲林蛋糕麵包 台西咖啡 台西美食
FOOD-YL-067,在地美食,雲林100碗,玉津烘焙坊 (牡蠣酥餅),臺西鄉,636雲林縣台西鄉中山路132號,23.7002773,120.1990724,"23.7002773, 120.1990724",,週一至週日 08:00–22:00,入選雲林100碗：推薦品項「牡蠣酥餅」。,"雲林100碗, 台西鄉, 在地小吃","https://www.google.com/maps/search/?api=1&query=23.7002773,120.1990724",雲林100碗-台西玉津烘焙坊-雲林伴手禮 雲林名產 雲林蛋黃酥 雲林西點外燴 雲林會議餐盒 雲林蛋糕麵包 台西咖啡 台西美食
FOOD-YL-068,在地美食,雲林100碗,玉津烘焙坊 (寶貝蛋黃酥),臺西鄉,636雲林縣台西鄉中山路132號,23.7002773,120.1990724,"23.7002773, 120.1990724",,週一至週日 08:00–22:00,入選雲林100碗：推薦品項「寶貝蛋黃酥」。,"雲林100碗, 台西鄉, 在地小吃","https://www.google.com/maps/search/?api=1&query=23.7002773,120.1990724",雲林100碗-台西玉津烘焙坊-雲林伴手禮 雲林名產 雲林蛋黃酥 雲林西點外燴 雲林會議餐盒 雲林蛋糕麵包 台西咖啡 台西美食
FOOD-YL-069,在地美食,雲林100碗,安記食品 (香鐵蛋),西螺鎮,648雲林縣西螺鎮福興路220號,23.7989275,120.4640664,"23.7989275, 120.4640664",,週一至週五 08:00–17:00 (週末休),入選雲林100碗：推薦品項「香鐵蛋」。,"雲林100碗, 西螺鎮, 在地小吃","https://www.google.com/maps/search/?api=1&query=23.7989275,120.4640664",雲林100碗-安記食品(香鐵蛋)
FOOD-YL-070,在地美食,雲林100碗,安記食品 (原味鳥蛋香鐵蛋),西螺鎮,648雲林縣西螺鎮福興路220號,23.7989275,120.4640664,"23.7989275, 120.4640664",,週一至週五 08:00–17:00 (週末休),入選雲林100碗：推薦品項「原味鳥蛋香鐵蛋」。,"雲林100碗, 西螺鎮, 在地小吃","https://www.google.com/maps/search/?api=1&query=23.7989275,120.4640664",雲林100碗-安記食品(香鐵蛋)
FOOD-YL-071,在地美食,雲林100碗,西螺草仔粿 (西螺草仔粿),西螺鎮,648雲林縣西螺鎮延平路184號,23.802,120.462589,"23.802, 120.462589",,08:00–17:00 (售完為止),入選雲林100碗：推薦品項「西螺草仔粿」。,"雲林100碗, 西螺鎮, 在地小吃","https://www.google.com/maps/search/?api=1&query=23.802,120.462589",雲林100碗-西螺草仔粿
FOOD-YL-072,在地美食,雲林100碗,珍的西螺麻糬大王 (原味片沾麻糬),西螺鎮,648雲林縣西螺鎮延平路130號,23.801518,120.4618048,"23.801518, 120.4618048",,週一至週日 08:30–18:00,入選雲林100碗：推薦品項「原味片沾麻糬」。,"雲林100碗, 西螺鎮, 在地小吃","https://www.google.com/maps/search/?api=1&query=23.801518,120.4618048",珍的 西螺麻糬大王 西螺老街店
FOOD-YL-073,在地美食,雲林100碗,西螺祖傳麻糬大王創始店程文照手工坊原冰上冰 (麻糬),西螺鎮,648雲林縣西螺鎮埔心路139號,23.7980101,120.4416592,"23.7980101, 120.4416592",,週一至週日 08:00–18:30,入選雲林100碗：推薦品項「麻糬」。,"雲林100碗, 西螺鎮, 在地小吃","https://www.google.com/maps/search/?api=1&query=23.7980101,120.4416592",西螺麻糬大王(原冰上冰)創始老店-程文照手工坊
FOOD-YL-074,在地美食,雲林100碗,林內教芋部 (芋頭剉冰),林內鄉,643雲林縣林內鄉烏塗村烏塗路78號,23.7688682,120.5938861,"23.7688682, 120.5938861",,11:00–17:00 (週末提前至10:00，週二休),入選雲林100碗：推薦品項「芋頭剉冰」。,"雲林100碗, 林內鄉, 在地小吃","https://www.google.com/maps/search/?api=1&query=23.7688682,120.5938861",林內教芋部（芋頭食農教育農場）
FOOD-YL-075,在地美食,雲林100碗,林內教芋部 (芋頭捲),林內鄉,643雲林縣林內鄉烏塗村烏塗路78號,23.7688682,120.5938861,"23.7688682, 120.5938861",,11:00–17:00 (週末提前至10:00，週二休),入選雲林100碗：推薦品項「芋頭捲」。,"雲林100碗, 林內鄉, 在地小吃","https://www.google.com/maps/search/?api=1&query=23.7688682,120.5938861",林內教芋部（芋頭食農教育農場）
FOOD-YL-076,在地美食,雲林100碗,北港阿榮古早味 (海陸飯),虎尾鎮,632雲林縣虎尾鎮中山路61號,23.7077083,120.4343088,"23.7077083, 120.4343088",,週一至週日 10:00–20:00,入選雲林100碗：推薦品項「海陸飯」。,"雲林100碗, 虎尾鎮, 在地小吃","https://www.google.com/maps/search/?api=1&query=23.7077083,120.4343088",北港阿榮古早味（虎尾店）
FOOD-YL-077,在地美食,雲林100碗,AJ CAFÉ (甜蜜蜜糖都-虎尾糖咖啡甜點套餐),虎尾鎮,632雲林縣虎尾鎮民主路18-5號,23.7036026,120.4348377,"23.7036026, 120.4348377",,13:00–21:30 (休假日依粉專公告),入選雲林100碗：推薦品項「甜蜜蜜糖都-虎尾糖咖啡甜點套餐」。,"雲林100碗, 虎尾鎮, 在地小吃","https://www.google.com/maps/search/?api=1&query=23.7036026,120.4348377",雲林100碗-AJ CAFE
FOOD-YL-078,在地美食,雲林100碗,虎尾小台北 (雞蛋糕),虎尾鎮,632雲林縣虎尾鎮中正路80號,23.7086742,120.4367483,"23.7086742, 120.4367483",,13:00–20:00 (售完為止),入選雲林100碗：推薦品項「雞蛋糕」。,"雲林100碗, 虎尾鎮, 在地小吃","https://www.google.com/maps/search/?api=1&query=23.7086742,120.4367483",雲林100碗-虎尾小台北雞蛋糕
FOOD-YL-079,在地美食,雲林100碗,中華麺そば (特濃豚骨拉麵),虎尾鎮,632雲林縣虎尾鎮林森路二段207號,23.711608,120.4292473,"23.711608, 120.4292473",,"11:30–14:00, 17:00–21:00 (週三休)",入選雲林100碗：推薦品項「特濃豚骨拉麵」。,"雲林100碗, 虎尾鎮, 在地小吃","https://www.google.com/maps/search/?api=1&query=23.711608,120.4292473",雲林100碗-中華麵そば-虎尾店
FOOD-YL-080,在地美食,雲林100碗,井野日本料理 (鮭魚親子蓋飯),虎尾鎮,632雲林縣虎尾鎮民主路18-15號,23.7093952,120.4391335,"23.7093952, 120.4391335",,"11:00–14:00, 17:00–20:00",入選雲林100碗：推薦品項「鮭魚親子蓋飯」。,"雲林100碗, 虎尾鎮, 在地小吃","https://www.google.com/maps/search/?api=1&query=23.7093952,120.4391335",井野板前料理
FOOD-YL-081,在地美食,雲林100碗,日光下的貓 (雲林米香花生奶舒芙蕾),虎尾鎮,632雲林縣虎尾鎮林森路二段350號,23.7003962,120.4255596,"23.7003962, 120.4255596",,平日 11:00–19:00 / 假日 10:30–20:00 (週三休),入選雲林100碗：推薦品項「雲林米香花生奶舒芙蕾」。,"雲林100碗, 虎尾鎮, 在地小吃","https://www.google.com/maps/search/?api=1&query=23.7003962,120.4255596",日光下的猫 貓中途咖啡餐館 鹹食供應至19:30｜ 1樓一般用餐區 ｜2樓貓咪互動用餐區｜
FOOD-YL-082,在地美食,雲林100碗,四川樂山 (麻辣燙),虎尾鎮,632雲林縣虎尾鎮和平路107號,23.7084828,120.4358116,"23.7084828, 120.4358116",,16:00–23:00 (依店家現場公告),入選雲林100碗：推薦品項「麻辣燙」。,"雲林100碗, 虎尾鎮, 在地小吃","https://www.google.com/maps/search/?api=1&query=23.7084828,120.4358116",四川樂山
FOOD-YL-083,在地美食,雲林100碗,怪咖咖啡 (咖啡汽水),虎尾鎮,632雲林縣虎尾鎮建國一村83-6號,23.7134911,120.4217985,"23.7134911, 120.4217985",,三至五 10:00–17:00 / 週末 13:00–18:00 (週一二休),入選雲林100碗：推薦品項「咖啡汽水」。,"雲林100碗, 虎尾鎮, 在地小吃","https://www.google.com/maps/search/?api=1&query=23.7134911,120.4217985",雲林100碗-怪咖咖啡
FOOD-YL-084,在地美食,雲林100碗,披薩老爹虎尾總店 (任性小孩),虎尾鎮,632雲林縣虎尾鎮立德路129號,23.7067904,120.423677,"23.7067904, 120.423677",,"11:00–14:00, 17:00–21:00 (週一二休)",入選雲林100碗：推薦品項「任性小孩」。,"雲林100碗, 虎尾鎮, 在地小吃","https://www.google.com/maps/search/?api=1&query=23.7067904,120.423677",虎尾美食披薩老爹義大利餐廳 虎尾披薩 Pizza
FOOD-YL-085,在地美食,雲林100碗,抱糰料理工作室 (季節鹹飯),虎尾鎮,632雲林縣虎尾鎮建國一村83號丁棟,23.7131963,120.4219432,"23.7131963, 120.4219432",,依店家粉專公告為主,入選雲林100碗：推薦品項「季節鹹飯」。,"雲林100碗, 虎尾鎮, 在地小吃","https://www.google.com/maps/search/?api=1&query=23.7131963,120.4219432",6/13店休一天 雲林100碗-抱糰料理（季節鹹飯、家常料理、飲品）
FOOD-YL-086,在地美食,雲林100碗,虎珍堂 (虎月燒),虎尾鎮,632雲林縣虎尾鎮中山路13號,23.7057327,120.4353526,"23.7057327, 120.4353526",,週一至週日 10:00–18:30,入選雲林100碗：推薦品項「虎月燒」。,"雲林100碗, 虎尾鎮, 在地小吃","https://www.google.com/maps/search/?api=1&query=23.7057327,120.4353526",虎珍堂 菓寮店
FOOD-YL-087,在地美食,雲林100碗,海中寶餐廳 (苦茶油雞),虎尾鎮,632雲林縣虎尾鎮文科路166號,23.7115091,120.4444833,"23.7115091, 120.4444833",,09:00–17:00 (或依現場公告為主),入選雲林100碗：推薦品項「苦茶油雞」。,"雲林100碗, 虎尾鎮, 在地小吃","https://www.google.com/maps/search/?api=1&query=23.7115091,120.4444833",雲林100碗-虎尾海中寶海鮮店
FOOD-YL-088,在地美食,雲林100碗,偶鵝嚐嚐 (鵝肉專賣店-虎尾店),虎尾鎮,632雲林縣虎尾鎮成德街102號,23.7090661,120.4481678,"23.7090661, 120.4481678",,"11:00–14:00, 17:00–20:00 (週四休)",入選雲林100碗：推薦品項「鵝肉專賣店-虎尾店」。,"雲林100碗, 虎尾鎮, 在地小吃","https://www.google.com/maps/search/?api=1&query=23.7090661,120.4481678",偶鵝嚐嚐鵝肉專賣店-虎尾店
FOOD-YL-089,在地美食,雲林100碗,媽祖埔豆腐張 (麻辣臭豆腐鴨血煲),虎尾鎮,632雲林縣虎尾鎮林森路二段471號,23.6988156,120.4247853,"23.6988156, 120.4247853",,"11:00–14:00, 17:00–20:30",入選雲林100碗：推薦品項「麻辣臭豆腐鴨血煲」。,"雲林100碗, 虎尾鎮, 在地小吃","https://www.google.com/maps/search/?api=1&query=23.6988156,120.4247853",雲林100碗-媽祖埔豆腐張麻辣傳說
FOOD-YL-090,在地美食,雲林100碗,樂包子 LeBaozi (鮮肉包),虎尾鎮,632雲林縣虎尾鎮林森路二段25號,23.7074347,120.4309764,"23.7074347, 120.4309764",,週一至週日 06:30–22:00,入選雲林100碗：推薦品項「鮮肉包」。,"雲林100碗, 虎尾鎮, 在地小吃","https://www.google.com/maps/search/?api=1&query=23.7074347,120.4309764",樂包子LeBaozi
FOOD-YL-091,在地美食,雲林100碗,蔗香甜 (蔗香手工蛋捲),虎尾鎮,632雲林縣虎尾鎮德興路1-2號,23.7086141,120.435068,"23.7086141, 120.435068",,09:00–18:00,入選雲林100碗：推薦品項「蔗香手工蛋捲」。,"雲林100碗, 虎尾鎮, 在地小吃","https://www.google.com/maps/search/?api=1&query=23.7086141,120.435068",蔗一攤 虎尾店｜人氣甘蔗青茶｜宵夜美食
FOOD-YL-092,在地美食,雲林100碗,"請進,來吃甜 (車輪餅(芋泥純肉鬆))",虎尾鎮,632雲林縣虎尾鎮新興路21號,23.704599,120.427884,"23.704599, 120.427884",,14:00–18:30 (週一二休),入選雲林100碗：推薦品項「車輪餅(芋泥純肉鬆)」。,"雲林100碗, 虎尾鎮, 在地小吃","https://www.google.com/maps/search/?api=1&query=23.704599,120.427884",請進。來吃甜
FOOD-YL-093,在地美食,雲林100碗,饅享受 (療癒造型饅頭),虎尾鎮,632雲林縣虎尾鎮文科路926號,23.6870105,120.4129571,"23.6870105, 120.4129571",,10:00–18:00 (週日休),入選雲林100碗：推薦品項「療癒造型饅頭」。,"雲林100碗, 虎尾鎮, 在地小吃","https://www.google.com/maps/search/?api=1&query=23.6870105,120.4129571",饅享受
FOOD-YL-094,在地美食,雲林100碗,千巧谷 (焦糖布蕾堡),崙背鄉,637雲林縣崙背鄉建國路28號,23.7611476,120.3655914,"23.7611476, 120.3655914",,週一至週日 08:00–22:00,入選雲林100碗：推薦品項「焦糖布蕾堡」。,"雲林100碗, 崙背鄉, 在地小吃","https://www.google.com/maps/search/?api=1&query=23.7611476,120.3655914",千巧谷牛樂園牧場
FOOD-YL-095,在地美食,雲林100碗,李排骨酥 (米糕),崙背鄉,637雲林縣崙背鄉建國路16號,23.7591959,120.3542243,"23.7591959, 120.3542243",,06:00–13:30 (週四休),入選雲林100碗：推薦品項「米糕」。,"雲林100碗, 崙背鄉, 在地小吃","https://www.google.com/maps/search/?api=1&query=23.7591959,120.3542243",李排骨酥
FOOD-YL-096,在地美食,雲林100碗,李排骨酥 (排骨酥湯),崙背鄉,637雲林縣崙背鄉建國路16號,23.7591959,120.3542243,"23.7591959, 120.3542243",,06:00–13:30 (週四休),入選雲林100碗：推薦品項「排骨酥湯」。,"雲林100碗, 崙背鄉, 在地小吃","https://www.google.com/maps/search/?api=1&query=23.7591959,120.3542243",李排骨酥
FOOD-YL-097,在地美食,雲林100碗,李排骨酥 (滷肉飯),崙背鄉,637雲林縣崙背鄉建國路16號,23.7591959,120.3542243,"23.7591959, 120.3542243",,06:00–13:30 (週四休),入選雲林100碗：推薦品項「滷肉飯」。,"雲林100碗, 崙背鄉, 在地小吃","https://www.google.com/maps/search/?api=1&query=23.7591959,120.3542243",李排骨酥
FOOD-YL-098,在地美食,雲林100碗,臺一養蜂園蜜茶站 (蜂蜜蛋糕),崙背鄉,637雲林縣崙背鄉建國路18號,23.7593488,120.3542662,"23.7593488, 120.3542662",,週一至週日 08:00–21:00,入選雲林100碗：推薦品項「蜂蜜蛋糕」。,"雲林100碗, 崙背鄉, 在地小吃","https://www.google.com/maps/search/?api=1&query=23.7593488,120.3542662",臺一蜂業養蜂 園蜜茶站
FOOD-YL-099,在地美食,雲林100碗,圓仔冰 (圓仔冰),莿桐鄉,647雲林縣莿桐鄉中正路138號,23.7574429,120.4996301,"23.7574429, 120.4996301",,08:00–19:00 (週二休),入選雲林100碗：推薦品項「圓仔冰」。,"雲林100碗, 莿桐鄉, 在地小吃","https://www.google.com/maps/search/?api=1&query=23.7574429,120.4996301",雲林100碗-莿桐圓仔冰
FOOD-YL-100,在地美食,雲林100碗,閣再來 (筒仔米糕),莿桐鄉,647雲林縣莿桐鄉中正路192號,23.7572643,120.4996835,"23.7572643, 120.4996835",,07:00–19:00,入選雲林100碗：推薦品項「筒仔米糕」。,"雲林100碗, 莿桐鄉, 在地小吃","https://www.google.com/maps/search/?api=1&query=23.7572643,120.4996835",雲林100碗-莿桐閣再來米糕 排骨麵
FOOD-YL-101,在地美食,漫遊雲林網站推薦,西螺黃記九層粿 (九層粿),西螺鎮,648雲林縣西螺鎮建興路286號,23.8016179,120.4593239,"23.8016179, 120.4593239",,週二至週日 05:00–11:00 (週一休),入選漫遊雲林網站推薦：推薦品項「九層粿」。,"漫遊雲林網站推薦, 西螺鎮, 在地小吃","https://www.google.com/maps/search/?api=1&query=23.8016179,120.4593239",西螺黃家九層粿
FOOD-YL-102,在地美食,漫遊雲林網站推薦,琴連碗粿城 (西螺米碗粿),西螺鎮,648雲林縣西螺鎮延平路75號,23.8018092,120.46271,"23.8018092, 120.46271",,週一至週日 06:30–17:30,入選漫遊雲林網站推薦：推薦品項「西螺米碗粿」。,"漫遊雲林網站推薦, 西螺鎮, 在地小吃","https://www.google.com/maps/search/?api=1&query=23.8018092,120.46271",琴連碗粿城
FOOD-YL-103,在地美食,漫遊雲林網站推薦,西螺三角大水餃 (三角大水餃),西螺鎮,648雲林縣西螺鎮觀音街12號,23.801587,120.4633637,"23.801587, 120.4633637",,10:00–17:00 (週一、週四休),入選漫遊雲林網站推薦：推薦品項「三角大水餃」。,"漫遊雲林網站推薦, 西螺鎮, 在地小吃","https://www.google.com/maps/search/?api=1&query=23.801587,120.4633637",西螺三角大水餃
FOOD-YL-104,在地美食,漫遊雲林網站推薦,泉威布丁豆花 (三色布丁豆花),褒忠鄉,634雲林縣褒忠鄉中正路282號,23.6974268,120.3093786,"23.6974268, 120.3093786",,週一至週日 09:00–21:00,入選漫遊雲林網站推薦：推薦品項「三色布丁豆花」。,"漫遊雲林網站推薦, 褒忠鄉, 在地小吃","https://www.google.com/maps/search/?api=1&query=23.6974268,120.3093786",泉威布丁豆花
FOOD-YL-105,在地美食,漫遊雲林網站推薦,阿桂竹仔腳碗粿 (加蛋古早味碗粿),褒忠鄉,634雲林縣褒忠鄉南生路11-1號,23.6958132,120.3094473,"23.6958132, 120.3094473",,週一至週日 06:00–12:00,入選漫遊雲林網站推薦：推薦品項「加蛋古早味碗粿」。,"漫遊雲林網站推薦, 褒忠鄉, 在地小吃","https://www.google.com/maps/search/?api=1&query=23.6958132,120.3094473",褒忠阿桂竹仔腳碗粿｜65年老店｜肉粽 豬血湯 碗粿
FOOD-YL-106,在地美食,漫遊雲林網站推薦,和香珍喜餅 (蒜頭酥、古早味牛舌餅),褒忠鄉,634雲林縣褒忠鄉中正路208號,23.6946234,120.3120122,"23.6946234, 120.3120122",,週一至週日 08:00–21:00,入選漫遊雲林網站推薦：推薦品項「蒜頭酥、古早味牛舌餅」。,"漫遊雲林網站推薦, 褒忠鄉, 在地小吃","https://www.google.com/maps/search/?api=1&query=23.6946234,120.3120122",和香珍囍餅（百年老店）
FOOD-YL-107,在地美食,漫遊雲林網站推薦,番薯仔炊仔飯 (炊仔飯、炊蛋),斗六市,640雲林縣斗六市中正路89號,23.7081784,120.5447019,"23.7081784, 120.5447019",,週一至週五 09:00–13:00 (週末休),入選漫遊雲林網站推薦：推薦品項「炊仔飯、炊蛋」。,"漫遊雲林網站推薦, 斗六市, 在地小吃","https://www.google.com/maps/search/?api=1&query=23.7081784,120.5447019",番薯仔炊飯
FOOD-YL-108,在地美食,漫遊雲林網站推薦,老街碗粿 (古早味碗粿、蛋飯),斗六市,640雲林縣斗六市太平路122號,23.7082001,120.5414796,"23.7082001, 120.5414796",,"10:30–14:20, 16:30–19:20 (週日休)",入選漫遊雲林網站推薦：推薦品項「古早味碗粿、蛋飯」。,"漫遊雲林網站推薦, 斗六市, 在地小吃","https://www.google.com/maps/search/?api=1&query=23.7082001,120.5414796",老街碗粿
FOOD-YL-109,在地美食,漫遊雲林網站推薦,阿賜豬腳飯 (招牌豬腳飯),斗六市,640雲林縣斗六市公正街23號,23.7094207,120.5437034,"23.7094207, 120.5437034",,16:00–22:00 (週六休),入選漫遊雲林網站推薦：推薦品項「招牌豬腳飯」。,"漫遊雲林網站推薦, 斗六市, 在地小吃","https://www.google.com/maps/search/?api=1&query=23.7094207,120.5437034",阿賜豬腳
FOOD-YL-110,在地美食,漫遊雲林網站推薦,青食 Green Food (青食四重奏),斗六市,640雲林縣斗六市永昌西街46號,23.7024706,120.5398914,"23.7024706, 120.5398914",,"平日11:00–15:00, 17:00–21:00 / 假日11:00–21:00",入選漫遊雲林網站推薦：推薦品項「青食四重奏」。,"漫遊雲林網站推薦, 斗六市, 在地小吃","https://www.google.com/maps/search/?api=1&query=23.7024706,120.5398914",青食
FOOD-YL-111,在地美食,漫遊雲林網站推薦,長興圓仔冰 (綜合圓仔冰、綜合燒麻糬),斗六市,640雲林縣斗六市中華路136號,23.7085292,120.5451492,"23.7085292, 120.5451492",,週一至週日 11:00–21:30,入選漫遊雲林網站推薦：推薦品項「綜合圓仔冰、綜合燒麻糬」。,"漫遊雲林網站推薦, 斗六市, 在地小吃","https://www.google.com/maps/search/?api=1&query=23.7085292,120.5451492",長興圓仔冰
FOOD-YL-112,在地美食,漫遊雲林網站推薦,魯香香黃金樂排專賣店 (黃金魯肋排飯),虎尾鎮,632雲林縣虎尾鎮光復路348號,23.7102404,120.4374046,"23.7102404, 120.4374046",,"週一至週日 10:30–14:30, 16:30–20:00",入選漫遊雲林網站推薦：推薦品項「黃金魯肋排飯」。,"漫遊雲林網站推薦, 虎尾鎮, 在地小吃","https://www.google.com/maps/search/?api=1&query=23.7102404,120.4374046",魯香香黃金樂排
FOOD-YL-113,在地美食,漫遊雲林網站推薦,北港保生堂漢方咖啡館 (漢方養生咖啡、御膳金箔滷肉飯),北港鎮,651雲林縣北港鎮中山路61號,23.5657959,120.3041152,"23.5657959, 120.3041152",,週一至週日 11:00–19:00 (週三休),入選漫遊雲林網站推薦：推薦品項「漢方養生咖啡、御膳金箔滷肉飯」。,"漫遊雲林網站推薦, 北港鎮, 在地小吃","https://www.google.com/maps/search/?api=1&query=23.5657959,120.3041152",保生堂漢方咖啡館
FOOD-YL-114,在地美食,漫遊雲林網站推薦,金捷發煎盤粿 (綜合煎盤粿 (粿、米腸、香腸、滷大腸)),北港鎮,651雲林縣北港鎮中山路80號,23.5659257,120.3043817,"23.5659257, 120.3043817",,週二至週日 06:00–11:30 (週一休),入選漫遊雲林網站推薦：推薦品項「綜合煎盤粿 (粿、米腸、香腸、滷大腸)」。,"漫遊雲林網站推薦, 北港鎮, 在地小吃","https://www.google.com/maps/search/?api=1&query=23.5659257,120.3043817",金捷發煎盤粿（金捷發五金行）
FOOD-YL-115,在地美食,漫遊雲林網站推薦,阿龍傳統小吃 (招牌雞魯飯、紅燒草魚麵),水林鄉,652雲林縣水林鄉水林路72號,23.5721642,120.2436028,"23.5721642, 120.2436028",,24小時營業,入選漫遊雲林網站推薦：推薦品項「招牌雞魯飯、紅燒草魚麵」。,"漫遊雲林網站推薦, 水林鄉, 在地小吃","https://www.google.com/maps/search/?api=1&query=23.5721642,120.2436028",阿龍傳統小吃
SOUV-YL-001,特色伴手禮,特產名店,丸莊醬油觀光工廠,西螺鎮,648雲林縣西螺鎮延平路188號,23.8024272,120.4637897,"23.8024272, 120.4637897",05-5863666,08:00–20:00,百年古法黑豆純釀造醬油，傳承螺陽甘醇風味，台灣代表性伴手禮。,"百年醬油, 黑豆蔭油, 觀光工廠","https://www.google.com/maps/search/?api=1&query=23.8024272,120.4637897",丸莊醬油觀光工廠
SOUV-YL-002,特色伴手禮,特產名店,瑞春醬油觀光工廠,西螺鎮,648雲林縣西螺鎮福田里社口68-31號,23.7879324,120.4300431,"23.7879324, 120.4300431",05-5882288,08:30–17:00,堅持陶甕日曝180天純手工釀造，醬香濃郁甘醇。,"手工純釀, 黑豆甕釀, 觀光工廠","https://www.google.com/maps/search/?api=1&query=23.7879324,120.4300431",瑞春醬油觀光工廠
SOUV-YL-003,特色伴手禮,特產名店,珍的西螺麻糬大王,西螺鎮,648雲林縣西螺鎮延平路130號,23.801518,120.4618048,"23.801518, 120.4618048",05-5883632,09:00–18:00,100%純糯米製作，片沾花生糖粉軟Q不黏牙，雲林超人氣排隊甜點。,"西螺米, 純糯米麻糬, 傳統甜點","https://www.google.com/maps/search/?api=1&query=23.801518,120.4618048",珍的 西螺麻糬大王 西螺老街店
SOUV-YL-004,特色伴手禮,特產名店,大同醬油黑金釀造館,斗六市,640雲林縣斗六市斗工二路39號,23.7198127,120.5988961,"23.7198127, 120.5988961",05-5573636,08:30–17:30,老字號黑金釀造，結合在地雲林柳丁創新風味，榮獲多項伴手禮大獎。,"黑金釀造, 創意果香醬油, 觀光工廠","https://www.google.com/maps/search/?api=1&query=23.7198127,120.5988961",大同醬油黑金釀造館-觀光工廠
SOUV-YL-005,特色伴手禮,特產名店,世唯烘焙坊,斗六市,640雲林縣斗六市民生南路101號,23.7097362,120.5391155,"23.7097362, 120.5391155",05-5370717,09:00–21:30,雲林在地知名連鎖烘焙名店，狀元餅內餡鹹甜交織，口感細緻紮實。,"傳統喜餅, 狀元餅, 烘焙伴手禮","https://www.google.com/maps/search/?api=1&query=23.7097362,120.5391155",世唯囍餅斗六門市
SOUV-YL-006,特色伴手禮,特產名店,三好國際酒店 (三好米),斗六市,640雲林縣斗六市斗六五路35號,23.7170052,120.5342597,"23.7170052, 120.5342597",05-5510999,24小時營業,三好米集團指標性飯店，結合優質在地農特產與頂級米禮盒。,"在地好米, 頂級飯店, 特產禮盒","https://www.google.com/maps/search/?api=1&query=23.7170052,120.5342597",三好國際酒店
SOUV-YL-007,特色伴手禮,特產名店,虎珍堂 (菓寮店),虎尾鎮,632雲林縣虎尾鎮中山路167號,23.7057327,120.4353526,"23.7057327, 120.4353526",05-6323639,10:00–18:30,以雲林在地優質地瓜打造的精緻糕點名店，散步甜點虎月燒超人氣。,"地瓜糕點, 虎月燒, 虎尾老街名店","https://www.google.com/maps/search/?api=1&query=23.7057327,120.4353526",虎珍堂 菓寮店
SOUV-YL-008,特色伴手禮,特產名店,興隆毛巾觀光工廠,虎尾鎮,632雲林縣虎尾鎮埒內里84-1號,23.724982,120.4431645,"23.724982, 120.4431645",05-6220159,08:30–17:30,台灣首座蛋糕毛巾文創觀光工廠，100%純棉製造，兼具趣味與實用。,"文創毛巾, 蛋糕造型毛巾, 台灣製造","https://www.google.com/maps/search/?api=1&query=23.724982,120.4431645",興隆毛巾觀光工廠
SOUV-YL-009,特色伴手禮,特產名店,虎尾釀酒醋莊,虎尾鎮,632雲林縣虎尾鎮延平里下南15-6號,23.6810297,120.4098157,"23.6810297, 120.4098157",05-6629991,09:00–17:00,堅持以在地台灣好米釀造單一純米威士忌與天然水果醋，在地風土代表。,"職人釀造, 台灣米威士忌, 地方創生","https://www.google.com/maps/search/?api=1&query=23.6810297,120.4098157",釀島 ｜ Favorland 虎尾釀酒廠
SOUV-YL-010,特色伴手禮,特產名店,雲林記憶COOL,虎尾鎮,632雲林縣虎尾鎮林森路一段501號,23.7087085,120.4327643,"23.7087085, 120.4327643",05-6327282,09:30–18:00 (週一休),原虎尾登記所古蹟活化，提供在地甘蔗特色甜點與雲林嚴選農創選物。,"歷史建物, 虎尾出張所, 在地文創","https://www.google.com/maps/search/?api=1&query=23.7087085,120.4327643",雲林記憶Cool
SOUV-YL-011,特色伴手禮,特產名店,北港日興堂囍餅,北港鎮,651雲林縣北港鎮中山路3號,23.5646671,120.3038715,"23.5646671, 120.3038715",05-7833779,08:00–22:00,北港朝天宮廟前香客指定伴手禮，經典狀元餅包覆蛋黃肉脯與綠豆沙。,"北港大餅, 狀元餅第一品牌, 香客必買","https://www.google.com/maps/search/?api=1&query=23.5646671,120.3038715",日興堂囍餅有限公司
SOUV-YL-012,特色伴手禮,特產名店,北港傳發之家,北港鎮,651雲林縣北港鎮中山路20號,23.5685634,120.305906,"23.5685634, 120.305906",05-7832847,08:00–21:00,北港老街傳承老字號餅店，遵循古法手工製作，香氣純樸道地。,"朝天宮老街, 傳統喜餅, 古法烘焙","https://www.google.com/maps/search/?api=1&query=23.5685634,120.305906",傳發之家
SOUV-YL-013,特色伴手禮,特產名店,狀元珍水蒸蛋糕 (北港創始店),北港鎮,651雲林縣北港鎮中山路107號,23.5644676,120.3041298,"23.5644676, 120.3041298",05-7837887,08:00–20:00,堅持古法蒸炊的水蒸蛋糕，口感鬆軟濕潤不油膩，健康少負擔。,"古早味水蒸蛋糕, 清爽無負擔, 朝天宮老街","https://www.google.com/maps/search/?api=1&query=23.5644676,120.3041298",狀元珍水蒸蛋糕
SOUV-YL-014,特色伴手禮,特產名店,蜜蜂故事館 Honey Museum,古坑鄉,646雲林縣古坑鄉湳子路88號,23.658601,120.540373,"23.658601, 120.540373",05-5828255,09:00–17:30,三代養蜂家族傳承，100%純天然蜂蜜與養生蜂王乳製品，座落綠色隧道旁。,"純天然蜂蜜, 綠色隧道景點, 養蜂三代","https://www.google.com/maps/search/?api=1&query=23.658601,120.540373",蜜蜂故事館 Honey Museum
SOUV-YL-015,特色伴手禮,特產名店,福祿壽觀光酒廠,古坑鄉,646雲林縣古坑鄉中山路11號,23.640383,120.560074,"23.640383, 120.560074",05-5823106,09:00–17:00,古坑百年優良水質釀造，重現傳統釀酒工藝與珍貴陳年高粱。,"製酒觀光工廠, 朱水泉古井, 傳統釀酒","https://www.google.com/maps/search/?api=1&query=23.640383,120.560074",福祿壽觀光酒廠
SOUV-YL-016,特色伴手禮,特產名店,谷泉咖啡莊園,古坑鄉,646雲林縣古坑鄉荷苞村荷苞34-5號,23.6575811,120.5920572,"23.6575811, 120.5920572",05-5262781,10:00–18:00 (週二休),荷苞山自產自銷台灣咖啡莊園，提供從產地到杯中的純粹咖啡香。,"精品咖啡莊園, 產地自烘, 荷苞山咖啡","https://www.google.com/maps/search/?api=1&query=23.6575811,120.5920572",谷泉咖啡莊園
SOUV-YL-017,特色伴手禮,特產名店,千巧谷牛樂園牧場 / 烘焙坊,崙背鄉,637雲林縣崙背鄉羅厝村東興182-32號,23.7611476,120.3655914,"23.7611476, 120.3655914",05-6969845,09:00–19:00,嚴選崙背在地優質鮮乳烘焙製作，奶香濃郁入口即化，雲林必買冠軍甜點。,"崙背酪農鮮乳, 鮮奶蛋糕, 超人氣名產","https://www.google.com/maps/search/?api=1&query=23.7611476,120.3655914",千巧谷牛樂園牧場
SOUV-YL-018,特色伴手禮,特產名店,源順芝麻觀光油廠,土庫鎮,633雲林縣土庫鎮成功路1-60號,23.6722395,120.3953157,"23.6722395, 120.3953157",05-6622268,08:30–17:30,百年老字號低溫初榨芝麻油，保留完整天然營養，獲國家品質金牌獎肯定。,"低溫冷壓, 芝麻油觀光工廠, 伴手禮大獎","https://www.google.com/maps/search/?api=1&query=23.6722395,120.3953157",源順芝麻觀光油廠
SOUV-YL-019,特色伴手禮,特產名店,樂米工坊 (米蛋糕),土庫鎮,633雲林縣土庫鎮建國路35巷3號,23.6788102,120.39765,"23.6788102, 120.39765",05-6626009,09:00–18:00 (週一休),以100%台灣在地好米研發無麩質米烘焙蛋糕，口感輕柔綿密好消化。,"純米烘焙, 無麩質米蛋糕, 台灣好米創生","https://www.google.com/maps/search/?api=1&query=23.6788102,120.39765",樂米工坊
SOUV-YL-020,特色伴手禮,特產名店,玉津烘焙坊,臺西鄉,636雲林縣台西鄉中山路131號,23.7002773,120.1990724,"23.7002773, 120.1990724",05-6982231,08:00–21:30,臺西鄉街區在地深耕老牌烘焙坊，保留樸實道地的鄉村烘焙美味。,"海口老店, 傳統糕餅, 在地人情味","https://www.google.com/maps/search/?api=1&query=23.7002773,120.1990724",雲林100碗-台西玉津烘焙坊-雲林伴手禮 雲林名產 雲林蛋黃酥 雲林西點外燴 雲林會議餐盒 雲林蛋糕麵包 台西咖啡 台西美食
SOUV-YL-021,特色伴手禮,特產名店,洽源馨西點麵包廠,大埤鄉,631雲林縣大埤鄉延惠村南門街13號,23.6454867,120.4292146,"23.6454867, 120.4292146",05-5912163,08:00–21:00,大埤百年特色糕點「鳥仔餅」代表老店，外型討喜、內餡甜香可口。,"大埤名產, 鳥仔餅創始, 百年糕餅","https://www.google.com/maps/search/?api=1&query=23.6454867,120.4292146",雲林100碗-洽源馨、重乳酪、鳥仔餅（雲林100碗）
SOUV-YL-022,特色伴手禮,特產名店,大埤酸菜文化館,大埤鄉,631雲林縣大埤鄉民生路665號,23.6305838,120.4136461,"23.6305838, 120.4136461",05-5916963,08:30–17:00 (週末休),全台酸菜故鄉代表文化館，展示百年芥菜醃漬文化與優質特級酸菜伴手禮。,"酸菜之鄉, 產地直銷, 傳統醃漬文化","https://www.google.com/maps/search/?api=1&query=23.6305838,120.4136461",大埤酸菜文化館
SOUV-YL-023,特色伴手禮,特產名店,水林杰樂蕃薯園,水林鄉,652雲林縣水林鄉水北村水林路1-50號,23.5743086,120.2099934,"23.5743086, 120.2099934",05-7855018,08:00–18:00,水林優質沙質土壤培育的台農57號甘藷，甘甜鬆軟，營養健康的天然甜點。,"黃金地瓜, 產地直送, 冰烤甘藷","https://www.google.com/maps/search/?api=1&query=23.5743086,120.2099934",雲林100碗(杰樂蕃薯園)
SOUV-YL-024,特色伴手禮,特產名店,口湖第一鰻波 (鰻魚故事館),口湖鄉,653雲林縣口湖鄉埔南村外埔路1-2號,23.5973651,120.190128,"23.5973651, 120.190128",0963-120203,09:00–17:00,嚴選外銷日本高品質胭脂鰻魚，獨家醬汁慢火烘烤，肉質細緻無腥味。,"外銷日本頂級鰻, 蒲燒鰻魚, 產銷班冠軍","https://www.google.com/maps/search/?api=1&query=23.5973651,120.190128",雲林100碗(第一鰻波工坊)
SOUV-YL-025,特色伴手禮,特產名店,台灣鯛生態創意園區,口湖鄉,653雲林縣口湖鄉崙東村民生路1-88號,23.608147,120.171825,"23.608147, 120.171825",05-7893980,09:00–17:00 (週二三休),全台首座台灣鯛觀光工廠，展現口湖頂級水產養殖技術與多元高科技萃取製品。,"台灣鯛魚, 科技養殖, 觀光工廠, 膠原蛋白","https://www.google.com/maps/search/?api=1&query=23.608147,120.171825",台灣鯛生態創意園區
HOTEL-YL-001,住宿飯店,星級飯店,三好國際酒店,斗六市,640雲林縣斗六市斗六五路35號,23.7170052,120.5342597,"23.7170052, 120.5342597",05-5510999,入住 15:00 / 退房 11:00,雲林指標性國際級飯店，緊鄰棒球場與體育園區，附設露天泳池、蒸氣三溫暖與高樓景觀餐廳。,"國際觀光飯店, 露天泳池, 景觀餐廳, 宴會廳","https://www.google.com/maps/search/?api=1&query=23.7170052,120.5342597",三好國際酒店
HOTEL-YL-002,住宿飯店,商務飯店,致麗伯爵酒店,斗六市,640雲林縣斗六市中山路6號,23.710732,120.5425767,"23.710732, 120.5425767",05-5341666,入住 15:00 / 退房 12:00,位處斗六市核心圓環商圈，步行3分鐘即達斗六車站，頂樓設有景觀露天休閒酒吧。,"斗六火車站前, 圓環商圈, 空中露天酒吧","https://www.google.com/maps/search/?api=1&query=23.710732,120.5425767",緻麗伯爵酒店 Grand Earl Hotel ｜附設電動汽車充電樁
HOTEL-YL-003,住宿飯店,商務旅館,福爾摩沙大飯店,斗六市,640雲林縣斗六市中山路212號,23.702284,120.5530893,"23.702284, 120.5530893",05-5340055,入住 15:00 / 退房 11:00,鄰近斗六火車站與太平老街，交通便捷、生活機能完善，提供舒適溫馨的商旅體驗。,"交通便利, 太平老街商圈, 乾淨舒適","https://www.google.com/maps/search/?api=1&query=23.702284,120.5530893",福爾摩莎大飯店有限公司
HOTEL-YL-004,住宿飯店,汽車旅館/Villa,觀月商務休閒旅館,斗六市,640雲林縣斗六市雲林路二段196號,23.7031844,120.5312121,"23.7031844, 120.5312121",05-5343333,入住 18:00 / 退房 12:00,打造多款異國風情主題套房，配備私人大空間車庫、大型按摩浴缸與娛樂影音設備。,"主題套房, 獨立車庫, 奈米牛奶浴, KTV房","https://www.google.com/maps/search/?api=1&query=23.7031844,120.5312121",觀月商務休閒旅館
HOTEL-YL-005,住宿飯店,文創設計旅店,虎尾春秋 文創潮旅,虎尾鎮,632雲林縣虎尾鎮信義路69號,23.71137,120.4375327,"23.71137, 120.4375327",05-6360618,入住 15:00 / 退房 11:00,全台首座以布袋戲為主題的文創設計旅店，融合生旦淨末丑角色美學與工業復古設計。,"布袋戲主題, 文創設計, 復古金屬風, 沐日酒吧","https://www.google.com/maps/search/?api=1&query=23.71137,120.4375327",虎尾春秋文創設計旅店
HOTEL-YL-006,住宿飯店,商務旅館,登豐米蘭商務旅店,虎尾鎮,632雲林縣虎尾鎮文化路10號,23.706692,120.4304355,"23.706692, 120.4304355",05-6323000,入住 15:00 / 退房 11:00,緊鄰虎尾科技大學與虎尾鐵橋，漫步即可抵達同心公園與虎尾糖廠，地理位置極佳。,"虎尾科技大學旁, 糖廠商圈, 自行車友善","https://www.google.com/maps/search/?api=1&query=23.706692,120.4304355",登豐米蘭商務旅店
HOTEL-YL-007,住宿飯店,渡假旅館/Villa,風華渡假旅館,虎尾鎮,632雲林縣虎尾鎮平和路20-15號,23.7040403,120.4576859,"23.7040403, 120.4576859",05-6366666,入住 18:00 / 退房 12:00,極簡東方禪風美學建築，結合竹林綠意造景、冷熱雙池SPA與尊榮私人庭園。,"東方禪風, 戶外景觀庭園, 頂級SPA水療","https://www.google.com/maps/search/?api=1&query=23.7040403,120.4576859",風華渡假旅館
HOTEL-YL-008,住宿飯店,星級飯店,朝聖酒店 (Saint Art Hotel),北港鎮,651雲林縣北港鎮中山路146號3-4樓,23.5673501,120.3047004,"23.5673501, 120.3047004",05-7822999,入住 15:00 / 退房 11:00,座落北港朝天宮正前方，融合巴洛克奢華與現代美學，朝聖參香與文化巡禮首選旗艦飯店。,"朝天宮前, 歐洲巴洛克奢華風, 在地文化","https://www.google.com/maps/search/?api=1&query=23.5673501,120.3047004",朝聖酒店
HOTEL-YL-009,住宿飯店,商務旅館,笨港客棧,北港鎮,651雲林縣北港鎮民主路83號,23.5689165,120.3049725,"23.5689165, 120.3049725",05-7832457,入住 15:00 / 退房 11:00,位於北港市區核心老街旁，價格親民、環境明亮整潔，是深度探訪笨港老鎮的便捷落腳點。,"老街周邊, 乾淨平價, 香客推崇","https://www.google.com/maps/search/?api=1&query=23.5689165,120.3049725",笨港客棧
HOTEL-YL-010,住宿飯店,休閒渡假飯店,劍湖山渡假大飯店,古坑鄉,646雲林縣古坑鄉永光村大湖口67之8號,23.614997,120.576939,"23.614997, 120.576939",05-5825700,入住 15:00 / 退房 11:00,雲林五星級渡假勝地，緊鄰劍湖山世界主題樂園，設有大型兒童遊戲區、多元主題親子客房與國際餐飲。,"五星級渡假, 主題樂園, 親子家庭, 中庭花園","https://www.google.com/maps/search/?api=1&query=23.614997,120.576939",劍湖山渡假大飯店
HOTEL-YL-011,住宿飯店,頂級設計民宿/會館,華山觀止 虫二行館,古坑鄉,646雲林縣古坑鄉華山村松林路54-5號,23.5884798,120.5970119,"23.5884798, 120.5970119",05-5900000,入住 15:00 / 退房 11:00,清水模與玻璃交織的現代美學建築，遠眺雲嘉南百萬夜景，提供無菜單料理與頂級山居體驗。,"清水模建築, 華山夜景, 精緻法餐, 咖啡莊園","https://www.google.com/maps/search/?api=1&query=23.5884798,120.5970119",華山觀止-虫二行館
HOTEL-YL-012,住宿飯店,特色景觀民宿/會館,桂林映象會館,古坑鄉,646雲林縣古坑鄉桂林村景水1之6號,23.6107261,120.5990588,"23.6107261, 120.5990588",05-5901280,入住 15:00 / 退房 11:00,充滿濃郁泰式南洋風情的度假莊園，雕刻佛像、水上涼亭與落羽松步道環繞，彷彿置身泰國渡假村。,"泰國風情, 庭園景觀, 森林步道, 景觀咖啡","https://www.google.com/maps/search/?api=1&query=23.6107261,120.5990588",桂林映象會館
HOTEL-YL-013,住宿飯店,景觀民宿,微風山林 (仙地咖啡景觀民宿),古坑鄉,646雲林縣古坑鄉桃源路1-38號,23.5895865,120.5944847,"23.5895865, 120.5944847",05-5901989,入住 15:00 / 退房 11:00,座落華山制高點，擁有絕佳視野眺望七縣市璀璨夜景，享受天然山林芬多精與醇厚在地咖啡。,"華山最高點, 百萬夜景, 古坑咖啡, 觀星賞月","https://www.google.com/maps/search/?api=1&query=23.5895865,120.5944847",微風山林自然餐庭
HOTEL-YL-014,住宿飯店,森林渡假山莊,草嶺spa渡假山莊,古坑鄉,646雲林縣古坑鄉草嶺村54-8號,23.585407,120.696465,"23.585407, 120.696465",05-5831121,入住 15:00 / 退房 11:00,深藏於草嶺天然地質美景中，提供水療SPA設施與山產風味料理，親近大自然的避暑勝地。,"草嶺地質公園, 萬年峽谷, 森林SPA, 芬多精","https://www.google.com/maps/search/?api=1&query=23.585407,120.696465",草嶺SPA渡假山莊 - 雲林古坑 人氣旅遊渡假民宿 水療特色房型 森林系庭院景觀 秘境景點 公司活動 家庭旅遊 寵物友善 團體住宿優惠 線上訂房首選 PTT推薦
HOTEL-YL-015,住宿飯店,特色民宿,耐斯蘿莎玫瑰莊園周邊休閒民宿群,古坑鄉,646雲林縣古坑鄉永光村大湖口53-1號周邊,23.611875,120.5704779,"23.611875, 120.5704779",05-5825888,入住 15:00 / 退房 11:00,鄰近萬坪蘿莎玫瑰莊園與綠色隧道，周邊花團錦簇，適合情侶漫步與家庭放鬆度假。,"香草花園, 歐風花海, 親子漫遊","https://www.google.com/maps/search/?api=1&query=23.611875,120.5704779",蘿莎玫瑰山莊
HOTEL-YL-016,住宿飯店,商務旅館,西螺米都大飯店,西螺鎮,648雲林縣西螺鎮振興里振興137號,23.8002639,120.4643192,"23.8002639, 120.4643192",05-5867007,入住 15:00 / 退房 11:00,臨近西螺大橋與延平老街，環境清幽雅緻，提供環島旅客與商務客溫暖便利的休憩環境。,"西螺大橋旁, 延平老街, 自行車補給","https://www.google.com/maps/search/?api=1&query=23.8002639,120.4643192",米都商務飯店
HOTEL-YL-017,住宿飯店,特色生態民宿,成龍溼地 椬梧故事鐵花窗景觀民宿,口湖鄉,653雲林縣口湖鄉成龍村成龍135號,23.549345,120.1904032,"23.549345, 120.1904032",0912-345678,入住 15:00 / 退房 11:00,緊鄰成龍溼地與椬梧滯洪池（小日月潭），融入在地烏魚子與鐵花窗工藝，感受沿海漁村靜謐時光。,"成龍溼地, 椬梧滯洪池, 夕陽賞鳥, 生態導覽","https://www.google.com/maps/search/?api=1&query=23.549345,120.1904032",鐵花窗
HOTEL-YL-018,住宿飯店,漁村體驗民宿,金湖休閒農業區特色漁村行館,口湖鄉,653雲林縣口湖鄉崇文路二段402巷88號,23.5478231,120.182109,"23.5478231, 120.182109",05-7895475,入住 15:00 / 退房 11:00,坐落於金湖休閒農業區，結合捕魚、摸蛤、曬烏魚子等沿海體驗活動與道地海味餐席。,"漁村廚房, 摸蛤體驗, 鰻魚風味餐, 休閒農業","https://www.google.com/maps/search/?api=1&query=23.5478231,120.182109",金湖休閒農業區
HOTEL-YL-019,住宿飯店,文史鄉村農莊,水林憨吉客棧 (顏思齊開台文化民宿),水林鄉,652雲林縣水林鄉水南村文化路12號,23.5346856,120.2177634,"23.5346856, 120.2177634",05-7850001,入住 15:00 / 退房 11:00,位於「開台第一庄」水林鄉，體驗田園地瓜農事、七角井古蹟巡禮與濃郁台灣鄉土風情。,"開台第一庄, 七角井古蹟, 地瓜農遊","https://www.google.com/maps/search/?api=1&query=23.5346856,120.2177634",憨吉秘塘
HOTEL-YL-020,住宿飯店,汽車旅館/商務旅館,麥寮風華休閒汽車旅館,麥寮鄉,638雲林縣麥寮鄉後安村後安路220號,23.7040403,120.4576859,"23.7040403, 120.4576859",05-6917777,入住 18:00 / 退房 12:00,麥寮與六輕工業區周邊頂級休憩住宿，房型寬敞現代化，提供出差商務與沿海旅遊舒適體驗。,"海線商務, 舒適大空間, 私人車庫","https://www.google.com/maps/search/?api=1&query=23.7040403,120.4576859",風華渡假旅館
TMP-YL-001,在地宮廟聚落,主祀: 天上聖母 (斗六媽),斗六新興宮 (開基斗六媽),斗六市,雲林縣斗六市中正路105號,23.7087684,120.5445058,"23.7087684, 120.5445058",,每日 06:00-21:00,在地信仰中心，廟埕寬廣，提供騎乘車友安靜的休整空間與水廁服務。,"斗六媽祖,市區核心,冷熱飲水,香客公廁","https://www.google.com/maps/search/?api=1&query=23.7087684,120.5445058",斗六新興宮
TMP-YL-002,在地宮廟聚落,主祀: 關聖帝君,斗六南聖宮 (關聖帝君五府千歲),斗六市,雲林縣斗六市南聖路301號,23.7008118,120.5587188,"23.7008118, 120.5587188",,每日 06:00-21:00,在地信仰中心，廟埕寬廣，提供騎乘車友安靜的休整空間與水廁服務。,"關聖帝君,超大園區,完善水廁","https://www.google.com/maps/search/?api=1&query=23.7008118,120.5587188",斗六南聖宮
TMP-YL-003,在地宮廟聚落,主祀: 玄天上帝,斗六受天宮,斗六市,雲林縣斗六市莊敬路55號,23.7036568,120.5501304,"23.7036568, 120.5501304",,每日 06:00-21:00,在地信仰中心，廟埕寬廣，提供騎乘車友安靜的休整空間與水廁服務。,"玄天上帝,市區大廟,廟埕寬廣,洗手間","https://www.google.com/maps/search/?api=1&query=23.7036568,120.5501304",斗六門受天宮-天上聖母
TMP-YL-004,在地宮廟聚落,主祀: 天上聖母,長和宮 (咬狗庄),斗六市,雲林縣斗六市長平里長平路,23.724667,120.5768451,"23.724667, 120.5768451",,每日 06:00-21:00,在地信仰中心，廟埕寬廣，提供騎乘車友安靜的休整空間與水廁服務。,"地方信仰,安靜廟埕,水廁補給","https://www.google.com/maps/search/?api=1&query=23.724667,120.5768451",斗六石榴班長和宮 「斑鳩媽」
TMP-YL-005,在地宮廟聚落,主祀: 觀世音菩薩,湖山巖 (佛教觀音寺),斗六市,雲林縣斗六市湖山里岩樹路,23.708865,120.606964,"23.708865, 120.606964",,每日 06:00-21:00,在地信仰中心，廟埕寬廣，提供騎乘車友安靜的休整空間與水廁服務。,"佛教聖地,湖山水庫旁,清幽歇腳,完善水廁","https://www.google.com/maps/search/?api=1&query=23.708865,120.606964",湖山岩
TMP-YL-006,在地宮廟聚落,主祀: 天上聖母 (石龜媽),斗南石龜溪天后宮 (石龜媽祖),斗南鎮,雲林縣斗南鎮石龜里四維路111號,23.639302,120.4835908,"23.639302, 120.4835908",,每日 06:00-21:00,在地信仰中心，廟埕寬廣，提供騎乘車友安靜的休整空間與水廁服務。,"石龜媽祖,農村秘境,南界中繼,飲水洗手間","https://www.google.com/maps/search/?api=1&query=23.639302,120.4835908",斗南石龜溪天后宮
TMP-YL-007,在地宮廟聚落,主祀: 天上聖母,斗南大東泰安宮,斗南鎮,雲林縣斗南鎮大東里大東路,23.6840237,120.460415,"23.6840237, 120.460415",,每日 06:00-21:00,在地信仰中心，廟埕寬廣，提供騎乘車友安靜的休整空間與水廁服務。,"大東聚落,安靜休息,水廁齊備","https://www.google.com/maps/search/?api=1&query=23.6840237,120.460415",雲林斗南大東泰安宮 武德尊侯
TMP-YL-008,在地宮廟聚落,主祀: 三山國王,明昌里明昌宮,斗南鎮,雲林縣斗南鎮明昌里,23.6732351,120.4566682,"23.6732351, 120.4566682",,每日 06:00-21:00,在地信仰中心，廟埕寬廣，提供騎乘車友安靜的休整空間與水廁服務。,"三山國王,地方信仰,飲水提供","https://www.google.com/maps/search/?api=1&query=23.6732351,120.4566682",紅瓦磘照瑤宮
TMP-YL-009,在地宮廟聚落,主祀: 池府千歲,虎尾德興宮 (王爺公廟),虎尾鎮,雲林縣虎尾鎮中正路1號,23.7079245,120.4326548,"23.7079245, 120.4326548",,每日 06:00-21:00,在地信仰中心，廟埕寬廣，提供騎乘車友安靜的休整空間與水廁服務。,"虎尾王爺公,老街起點,傳統信仰,水廁補給","https://www.google.com/maps/search/?api=1&query=23.7079245,120.4326548",虎尾德興宮 池府王爺
TMP-YL-010,在地宮廟聚落,主祀: 天上聖母,虎尾持法媽祖宮,虎尾鎮,雲林縣虎尾鎮頂溪里西園46號,23.7387532,120.4609698,"23.7387532, 120.4609698",,每日 06:00-21:00,在地信仰中心，廟埕寬廣，提供騎乘車友安靜的休整空間與水廁服務。,"最美園林,文化古風,庭園景觀,水廁齊備","https://www.google.com/maps/search/?api=1&query=23.7387532,120.4609698",持法媽祖宮
TMP-YL-011,在地宮廟聚落,主祀: 天上聖母,虎尾福安宮,虎尾鎮,雲林縣虎尾鎮公安里,23.7066629,120.4362224,"23.7066629, 120.4362224",,每日 06:00-21:00,在地信仰中心，廟埕寬廣，提供騎乘車友安靜的休整空間與水廁服務。,"市區信仰,安靜廟埕,水廁提供","https://www.google.com/maps/search/?api=1&query=23.7066629,120.4362224",虎尾福安宮
TMP-YL-012,在地宮廟聚落,主祀: 趙子龍,埒內拱雲宮,虎尾鎮,雲林縣虎尾鎮埒內,23.7220456,120.4461953,"23.7220456, 120.4461953",,每日 06:00-21:00,在地信仰中心，廟埕寬廣，提供騎乘車友安靜的休整空間與水廁服務。,"埒內信仰,毛巾工廠旁,水廁補給","https://www.google.com/maps/search/?api=1&query=23.7220456,120.4461953",虎尾埒內拱雲宮
TMP-YL-013,在地宮廟聚落,主祀: 天上聖母,西螺廣福宮 (老大媽廟),西螺鎮,雲林縣西螺鎮新街路32號,23.7971558,120.4647035,"23.7971558, 120.4647035",,每日 06:00-21:00,在地信仰中心，廟埕寬廣，提供騎乘車友安靜的休整空間與水廁服務。,"西螺老大媽,乾隆古廟,木雕石雕,老街聚落","https://www.google.com/maps/search/?api=1&query=23.7971558,120.4647035",縣定古蹟西螺廣福宮 西螺媽老大媽廟
TMP-YL-014,在地宮廟聚落,主祀: 天上聖母,西螺吳厝朝興宮 (吳厝媽),西螺鎮,雲林縣西螺鎮吳厝里吳厝60號,23.7455564,120.4234888,"23.7455564, 120.4234888",,每日 06:00-21:00,在地信仰中心，廟埕寬廣，提供騎乘車友安靜的休整空間與水廁服務。,"吳厝媽祖,高鐵特區交界,大廟埕,香客水廁","https://www.google.com/maps/search/?api=1&query=23.7455564,120.4234888",西螺吳厝朝興宮（吳厝媽祖）
TMP-YL-015,在地宮廟聚落,主祀: 神農大帝,西螺九隆里弓孝宮,西螺鎮,雲林縣西螺鎮九隆里,23.7494155,120.4373922,"23.7494155, 120.4373922",,每日 06:00-21:00,在地信仰中心，廟埕寬廣，提供騎乘車友安靜的休整空間與水廁服務。,"農業信仰,田園大廟,水廁齊備","https://www.google.com/maps/search/?api=1&query=23.7494155,120.4373922",西螺新厝弓孝宮 - 鍾馗爺
TMP-YL-016,在地宮廟聚落,主祀: 天上聖母,西螺新天宮,西螺鎮,雲林縣西螺鎮新豐里,23.7892009,120.4499985,"23.7892009, 120.4499985",,每日 06:00-21:00,在地信仰中心，廟埕寬廣，提供騎乘車友安靜的休整空間與水廁服務。,"外環道旁,廟埕寬廣,洗手間","https://www.google.com/maps/search/?api=1&query=23.7892009,120.4499985",西螺新社新天宮
TMP-YL-017,在地宮廟聚落,主祀: 天上聖母,土庫馬光厝順安宮 (馬光媽祖),土庫鎮,雲林縣土庫鎮馬光路155號,23.7056343,120.3575503,"23.7056343, 120.3575503",,每日 06:00-21:00,在地信仰中心，廟埕寬廣，提供騎乘車友安靜的休整空間與水廁服務。,"馬光媽祖,櫻花大道周邊,聚落核心,水廁補給","https://www.google.com/maps/search/?api=1&query=23.7056343,120.3575503",馬公厝順安宮天上聖母
TMP-YL-018,在地宮廟聚落,主祀: 城隍爺,土庫都城隍廟,土庫鎮,雲林縣土庫鎮中正路,23.6635817,120.3739101,"23.6635817, 120.3739101",,每日 06:00-21:00,在地信仰中心，廟埕寬廣，提供騎乘車友安靜的休整空間與水廁服務。,"老街周邊,城隍信仰,水廁提供","https://www.google.com/maps/search/?api=1&query=23.6635817,120.3739101",土庫都城隍廟
TMP-YL-019,在地宮廟聚落,主祀: 天上聖母,秀潭奉天宮,土庫鎮,雲林縣土庫鎮秀潭里,23.6598139,120.3571305,"23.6598139, 120.3571305",,每日 06:00-21:00,在地信仰中心，廟埕寬廣，提供騎乘車友安靜的休整空間與水廁服務。,"秀潭聚落,145縣道旁,安靜歇腳","https://www.google.com/maps/search/?api=1&query=23.6598139,120.3571305",土庫秀潭大興宮
TMP-YL-020,在地宮廟聚落,主祀: 楊府千歲,北港後溝聖安宮,北港鎮,雲林縣北港鎮後溝里後溝路25號,23.5739417,120.3011003,"23.5739417, 120.3011003",,每日 06:00-21:00,在地信仰中心，廟埕寬廣，提供騎乘車友安靜的休整空間與水廁服務。,"鄉村古廟,農村自行車,安靜歇腳,水廁提供","https://www.google.com/maps/search/?api=1&query=23.5739417,120.3011003",北港聖安宮 五年千歲
TMP-YL-021,在地宮廟聚落,主祀: 神農大帝,北港新街神農大帝廟,北港鎮,雲林縣北港鎮新街里,23.5881058,120.3000814,"23.5881058, 120.3000814",,每日 06:00-21:00,在地信仰中心，廟埕寬廣，提供騎乘車友安靜的休整空間與水廁服務。,"台19線旁,農業信仰,洗手間","https://www.google.com/maps/search/?api=1&query=23.5881058,120.3000814",北港新街巡天宮 (蕭府千歲)
TMP-YL-022,在地宮廟聚落,主祀: 五府千歲,好收代天府,北港鎮,雲林縣北港鎮好收里,23.602212,120.27867,"23.602212, 120.27867",,每日 06:00-21:00,在地信仰中心，廟埕寬廣，提供騎乘車友安靜的休整空間與水廁服務。,"好收聚落,外環道中繼,水廁補給","https://www.google.com/maps/search/?api=1&query=23.602212,120.27867",北港好收吳三王壇
TMP-YL-023,在地宮廟聚落,主祀: 池府千歲,古坑嘉興宮,古坑鄉,雲林縣古坑鄉中山路165號,23.6463564,120.5619885,"23.6463564, 120.5619885",,每日 06:00-21:00,在地信仰中心，廟埕寬廣，提供騎乘車友安靜的休整空間與水廁服務。,"古坑街區,王爺信仰,爬坡補水,通風廟埕","https://www.google.com/maps/search/?api=1&query=23.6463564,120.5619885",古坑嘉興宮
TMP-YL-024,在地宮廟聚落,主祀: 玄天上帝,古坑草嶺受天宮,古坑鄉,雲林縣古坑鄉草嶺村草嶺51號,23.6105604,120.7080146,"23.6105604, 120.7080146",,每日 06:00-21:00,在地信仰中心，廟埕寬廣，提供騎乘車友安靜的休整空間與水廁服務。,"草嶺山岳,高山補給,玄天上帝,山道驛站","https://www.google.com/maps/search/?api=1&query=23.6105604,120.7080146",石壁受天宮
TMP-YL-025,在地宮廟聚落,主祀: 地母至尊,東和建德寺地母廟,古坑鄉,雲林縣古坑鄉東和村建德路,23.6539825,120.5913978,"23.6539825, 120.5913978",,每日 06:00-21:00,在地信仰中心，廟埕寬廣，提供騎乘車友安靜的休整空間與水廁服務。,"地母廟,特殊八卦亭,大型香客洗手間","https://www.google.com/maps/search/?api=1&query=23.6539825,120.5913978",靈台山 建德寺 (地母廟)
TMP-YL-026,在地宮廟聚落,主祀: 觀音佛祖,荷苞山建德寺,古坑鄉,雲林縣古坑鄉荷苞村,23.6539825,120.5913978,"23.6539825, 120.5913978",,每日 06:00-21:00,在地信仰中心，廟埕寬廣，提供騎乘車友安靜的休整空間與水廁服務。,"桐花公園旁,山林古寺,水廁補給","https://www.google.com/maps/search/?api=1&query=23.6539825,120.5913978",靈台山 建德寺 (地母廟)
TMP-YL-027,在地宮廟聚落,主祀: 開山聖王,林內九芎開復廟,林內鄉,雲林縣林內鄉九芎村復興路1號,23.7559543,120.6154571,"23.7559543, 120.6154571",,每日 06:00-21:00,在地信仰中心，廟埕寬廣，提供騎乘車友安靜的休整空間與水廁服務。,"開山聖王,九芎大廟,林蔭涼亭,冷熱飲水","https://www.google.com/maps/search/?api=1&query=23.7559543,120.6154571",林內開復廟
TMP-YL-028,在地宮廟聚落,主祀: 濟公活佛,林內濟公廟,林內鄉,雲林縣林內鄉,23.7537619,120.6155525,"23.7537619, 120.6155525",,每日 06:00-21:00,在地信仰中心，廟埕寬廣，提供騎乘車友安靜的休整空間與水廁服務。,"市區周邊,濟公信仰,洗手間","https://www.google.com/maps/search/?api=1&query=23.7537619,120.6155525",雲林林內濟公總堂
TMP-YL-029,在地宮廟聚落,主祀: 五府千歲,莿桐天賢宮,莿桐鄉,雲林縣莿桐鄉埔子村中正路28號,23.7578245,120.5002889,"23.7578245, 120.5002889",,每日 06:00-21:00,在地信仰中心，廟埕寬廣，提供騎乘車友安靜的休整空間與水廁服務。,"莿桐外環,開闊廟埕,五府千歲,水廁友善","https://www.google.com/maps/search/?api=1&query=23.7578245,120.5002889",莿桐天瑤宮
TMP-YL-030,在地宮廟聚落,主祀: 天主教,饒平樹仔腳天主堂 (特色教堂),莿桐鄉,雲林縣莿桐鄉饒平村,23.7795385,120.5192661,"23.7795385, 120.5192661",,每日 06:00-21:00,在地信仰中心，廟埕寬廣，提供騎乘車友安靜的休整空間與水廁服務。,"百年天主堂,特色建築,休憩點","https://www.google.com/maps/search/?api=1&query=23.7795385,120.5192661",財團法人天主教會嘉義教區饒平大聖若瑟朝聖地(Shuzijiao Catholic Church)
TMP-YL-031,在地宮廟聚落,主祀: 三山國王,大埤三山國王廟,大埤鄉,雲林縣大埤鄉大埤頭段民生路24號,23.6270671,120.4218084,"23.6270671, 120.4218084",,每日 06:00-21:00,在地信仰中心，廟埕寬廣，提供騎乘車友安靜的休整空間與水廁服務。,"國定古蹟,三山國王,客家開墾,古蹟水廁","https://www.google.com/maps/search/?api=1&query=23.6270671,120.4218084",大埤大和街三仙亭(三山國王)
TMP-YL-032,在地宮廟聚落,主祀: 天上聖母,大埤賜福宮,大埤鄉,雲林縣大埤鄉,23.6459758,120.4289927,"23.6459758, 120.4289927",,每日 06:00-21:00,在地信仰中心，廟埕寬廣，提供騎乘車友安靜的休整空間與水廁服務。,"大埤市區,媽祖信仰,洗手間","https://www.google.com/maps/search/?api=1&query=23.6459758,120.4289927",大埤賜福宮
TMP-YL-033,在地宮廟聚落,主祀: 張廖氏歷代先祖,二崙大義田東崇遠堂 (張廖家廟),二崙鄉,雲林縣二崙鄉大義村大義路,23.776961,120.4231308,"23.776961, 120.4231308",,每日 06:00-21:00,在地信仰中心，廟埕寬廣，提供騎乘車友安靜的休整空間與水廁服務。,"詔安客家,張廖宗祠,歷史建築,園區水廁","https://www.google.com/maps/search/?api=1&query=23.776961,120.4231308",崇遠堂
TMP-YL-034,在地宮廟聚落,主祀: 天上聖母,二崙興國宮,二崙鄉,雲林縣二崙鄉,23.7696468,120.4117481,"23.7696468, 120.4117481",,每日 06:00-21:00,在地信仰中心，廟埕寬廣，提供騎乘車友安靜的休整空間與水廁服務。,"二崙市區,媽祖廟,水廁齊備","https://www.google.com/maps/search/?api=1&query=23.7696468,120.4117481",二崙鄉崙西興國宮(關聖帝君廟)
TMP-YL-035,在地宮廟聚落,主祀: 天上聖母,崙背奉天宮,崙背鄉,雲林縣崙背鄉正義路170號,23.7607796,120.3535011,"23.7607796, 120.3535011",,每日 06:00-21:00,在地信仰中心，廟埕寬廣，提供騎乘車友安靜的休整空間與水廁服務。,"崙背媽祖,市區核心,酪農商圈,水廁齊備","https://www.google.com/maps/search/?api=1&query=23.7607796,120.3535011",崙背奉天宮
TMP-YL-036,在地宮廟聚落,主祀: 關聖帝君,崙背天衡宮,崙背鄉,雲林縣崙背鄉,23.7620212,120.3575353,"23.7620212, 120.3575353",,每日 06:00-21:00,在地信仰中心，廟埕寬廣，提供騎乘車友安靜的休整空間與水廁服務。,"關聖帝君,廟埕寬廣,洗手間","https://www.google.com/maps/search/?api=1&query=23.7620212,120.3575353",崙背天衡宮
TMP-YL-037,在地宮廟聚落,主祀: 天上聖母,麥寮拱範宮 (國定古蹟),麥寮鄉,雲林縣麥寮鄉中正路3號,23.7482552,120.2555916,"23.7482552, 120.2555916",,每日 06:00-21:00,在地信仰中心，廟埕寬廣，提供騎乘車友安靜的休整空間與水廁服務。,"國定古蹟,開山媽祖,麥寮老街,五星香客廁所","https://www.google.com/maps/search/?api=1&query=23.7482552,120.2555916",麥寮拱範宮
TMP-YL-038,在地宮廟聚落,主祀: 開山聖王,麥寮楊厝永安宮,麥寮鄉,雲林縣麥寮鄉楊厝村楊厝路66號,23.7755534,120.2449227,"23.7755534, 120.2449227",,每日 06:00-21:00,在地信仰中心，廟埕寬廣，提供騎乘車友安靜的休整空間與水廁服務。,"農村聚落,彩繪羊舍,開山聖王,水廁友善","https://www.google.com/maps/search/?api=1&query=23.7755534,120.2449227",麥寮楊厝寮永安宮
TMP-YL-039,在地宮廟聚落,主祀: 蕭府太傅,光大寮聚寶宮,麥寮鄉,雲林縣麥寮鄉光大寮,23.7437933,120.2565565,"23.7437933, 120.2565565",,每日 06:00-21:00,在地信仰中心，廟埕寬廣，提供騎乘車友安靜的休整空間與水廁服務。,"蕭府太傅,王爺信仰,大型香客廁所","https://www.google.com/maps/search/?api=1&query=23.7437933,120.2565565",麥寮光大寮聚寶宮 蕭府太傅
TMP-YL-040,在地宮廟聚落,主祀: 三山國王/天上聖母,東勢賜安宮,東勢鄉,雲林縣東勢鄉東南村東勢東路1號,23.6743741,120.2543276,"23.6743741, 120.2543276",,每日 06:00-21:00,在地信仰中心，廟埕寬廣，提供騎乘車友安靜的休整空間與水廁服務。,"東勢核心,賜安宮,大廟埕,水廁齊備","https://www.google.com/maps/search/?api=1&query=23.6743741,120.2543276",雲林東勢厝賜安宮 三山國王
TMP-YL-041,在地宮廟聚落,主祀: 玄天上帝,安南鎮南宮,東勢鄉,雲林縣東勢鄉安南村,23.7013288,120.2522891,"23.7013288, 120.2522891",,每日 06:00-21:00,在地信仰中心，廟埕寬廣，提供騎乘車友安靜的休整空間與水廁服務。,"安南聚落,153縣道旁,洗手間","https://www.google.com/maps/search/?api=1&query=23.7013288,120.2522891",東勢安南村鎮玄宮
TMP-YL-042,在地宮廟聚落,主祀: 五年千歲,褒忠馬鳴山鎮安宮,褒忠鄉,雲林縣褒忠鄉馬鳴村鎮安路31號,23.6999295,120.2782851,"23.6999295, 120.2782851",,每日 06:00-21:00,在地信仰中心，廟埕寬廣，提供騎乘車友安靜的休整空間與水廁服務。,"五年千歲祖廟,奇石公園,特大園區,星級香客公廁","https://www.google.com/maps/search/?api=1&query=23.6999295,120.2782851",馬鳴山鎮安宮五年千歲祖廟
TMP-YL-043,在地宮廟聚落,主祀: 天上聖母,褒忠太湖長安宮,褒忠鄉,雲林縣褒忠鄉,23.6959881,120.3111257,"23.6959881, 120.3111257",,每日 06:00-21:00,在地信仰中心，廟埕寬廣，提供騎乘車友安靜的休整空間與水廁服務。,"市區周邊,媽祖信仰,洗手間","https://www.google.com/maps/search/?api=1&query=23.6959881,120.3111257",褒忠聚保宮蕭府太傅
TMP-YL-044,在地宮廟聚落,主祀: 張李莫千歲,臺西五條港安西府,臺西鄉,雲林縣臺西鄉五港村中央路76號,23.7179172,120.2003039,"23.7179172, 120.2003039",,每日 06:00-21:00,在地信仰中心，廟埕寬廣，提供騎乘車友安靜的休整空間與水廁服務。,"張李莫祖廟,五條港地標,超大香客廁所,冰溫熱水","https://www.google.com/maps/search/?api=1&query=23.7179172,120.2003039",五條港安西府
TMP-YL-045,在地宮廟聚落,主祀: 保生大帝,臺西萬安宮,臺西鄉,雲林縣臺西鄉台西村民族路32號,23.7243262,120.2123558,"23.7243262, 120.2123558",,每日 06:00-21:00,在地信仰中心，廟埕寬廣，提供騎乘車友安靜的休整空間與水廁服務。,"保生大帝,海口老街,聚落信仰,水廁提供","https://www.google.com/maps/search/?api=1&query=23.7243262,120.2123558",台西崙豐萬安宮 萬教帝君
TMP-YL-046,在地宮廟聚落,主祀: 觀世音菩薩,溪頂明立古廟,臺西鄉,雲林縣臺西鄉溪頂村,23.6850029,120.1884921,"23.6850029, 120.1884921",,每日 06:00-21:00,在地信仰中心，廟埕寬廣，提供騎乘車友安靜的休整空間與水廁服務。,"溪頂聚落,安靜休息,水廁補給","https://www.google.com/maps/search/?api=1&query=23.6850029,120.1884921",台西溪頂明聖宮 - 魁星祖廟
TMP-YL-047,在地宮廟聚落,主祀: 保生大帝,元長鰲峰宮,元長鄉,雲林縣元長鄉元長村中山路70號,23.6515371,120.3137825,"23.6515371, 120.3137825",,每日 06:00-21:00,在地信仰中心，廟埕寬廣，提供騎乘車友安靜的休整空間與水廁服務。,"鰲峰宮,保生大帝,市區核心,水廁補給","https://www.google.com/maps/search/?api=1&query=23.6515371,120.3137825",雲林元長鰲峰宮 保生大帝
TMP-YL-048,在地宮廟聚落,主祀: 天上聖母,客厝鄉安宮,元長鄉,雲林縣元長鄉客厝村,23.6723647,120.311387,"23.6723647, 120.311387",,每日 06:00-21:00,在地信仰中心，廟埕寬廣，提供騎乘車友安靜的休整空間與水廁服務。,"客厝聚落,農村大廟,洗手間","https://www.google.com/maps/search/?api=1&query=23.6723647,120.311387",元長蔥仔寮古安宮
TMP-YL-049,在地宮廟聚落,主祀: 關聖帝君,四湖參天宮,四湖鄉,雲林縣四湖鄉四湖村關聖路87號,23.638832,120.2266345,"23.638832, 120.2266345",,每日 06:00-21:00,在地信仰中心，廟埕寬廣，提供騎乘車友安靜的休整空間與水廁服務。,"關聖帝君,四湖地標,香火鼎盛,超大香客廁所","https://www.google.com/maps/search/?api=1&query=23.638832,120.2266345",四湖參天宮
TMP-YL-050,在地宮廟聚落,主祀: 閻羅天子,四湖三條崙海清宮,四湖鄉,雲林縣四湖鄉海清路93號,23.6569253,120.1534614,"23.6569253, 120.1534614",,每日 06:00-21:00,在地信仰中心，廟埕寬廣，提供騎乘車友安靜的休整空間與水廁服務。,"包公祖廟,黑森林起點,五星級水廁,濱海大廟","https://www.google.com/maps/search/?api=1&query=23.6569253,120.1534614",三條崙海清宮
TMP-YL-051,在地宮廟聚落,主祀: 天上聖母,內湖廣安宮,四湖鄉,雲林縣四湖鄉內湖村,23.6445999,120.2266519,"23.6445999, 120.2266519",,每日 06:00-21:00,在地信仰中心，廟埕寬廣，提供騎乘車友安靜的休整空間與水廁服務。,"內湖聚落,160縣道旁,洗手間","https://www.google.com/maps/search/?api=1&query=23.6445999,120.2266519",四湖保長湖保安宮(關聖帝君)
TMP-YL-052,在地宮廟聚落,主祀: 丁府八千歲,口湖下崙福安宮,口湖鄉,雲林縣口湖鄉崙中村福安路22號,23.618386,120.1621383,"23.618386, 120.1621383",,每日 06:00-21:00,在地信仰中心，廟埕寬廣，提供騎乘車友安靜的休整空間與水廁服務。,"丁府八千歲,台17線旁,避風歇腳,香客水廁","https://www.google.com/maps/search/?api=1&query=23.618386,120.1621383",雲林下崙福安宮 丁府八千歲
TMP-YL-053,在地宮廟聚落,主祀: 萬善爺,口湖金湖萬善爺廟,口湖鄉,雲林縣口湖鄉港東村萬善爺廟,23.5742865,120.152279,"23.5742865, 120.152279",,每日 06:00-21:00,在地信仰中心，廟埕寬廣，提供騎乘車友安靜的休整空間與水廁服務。,"牽水𦬨文化,萬善爺廟,濱海車道,水廁齊備","https://www.google.com/maps/search/?api=1&query=23.5742865,120.152279",金湖萬善爺廟
TMP-YL-054,在地宮廟聚落,主祀: 李府千歲,成龍安龍宮,口湖鄉,雲林縣口湖鄉成龍村,23.5556513,120.1664293,"23.5556513, 120.1664293",,每日 06:00-21:00,在地信仰中心，廟埕寬廣，提供騎乘車友安靜的休整空間與水廁服務。,"成龍濕地旁,王爺信仰,水廁提供","https://www.google.com/maps/search/?api=1&query=23.5556513,120.1664293",口湖成龍安龍宮
TMP-YL-055,在地宮廟聚落,主祀: 天上聖母 (番薯寮媽),水林順天宮 (番薯厝媽祖),水林鄉,雲林縣水林鄉蕃薯村蕃薯厝102號,23.5413355,120.2237749,"23.5413355, 120.2237749",,每日 06:00-21:00,在地信仰中心，廟埕寬廣，提供騎乘車友安靜的休整空間與水廁服務。,"蕃薯寮媽,黃金番薯,百年大廟,香客水廁","https://www.google.com/maps/search/?api=1&query=23.5413355,120.2237749",蕃薯厝順天宮
TMP-YL-056,在地宮廟聚落,主祀: 神農大帝,水林安和宮,水林鄉,雲林縣水林鄉車港村車港路,23.5550928,120.2475158,"23.5550928, 120.2475158",,每日 06:00-21:00,在地信仰中心，廟埕寬廣，提供騎乘車友安靜的休整空間與水廁服務。,"七角井旁,顏思齊古蹟,神農大帝,農村秘境","https://www.google.com/maps/search/?api=1&query=23.5550928,120.2475158",和鳴宫
TMP-YL-057,在地宮廟聚落,主祀: 七星娘娘,水林七星宮,水林鄉,雲林縣水林鄉,23.5514362,120.2369117,"23.5514362, 120.2369117",,每日 06:00-21:00,在地信仰中心，廟埕寬廣，提供騎乘車友安靜的休整空間與水廁服務。,"特色信仰,安靜小廟,洗手間","https://www.google.com/maps/search/?api=1&query=23.5514362,120.2369117",水林後寮埔七星宮 七星娘娘
